station_id,road_name,suburb,cardinal_direction_name,classification_type,year,period,traffic_count,wgs84_latitude,wgs84_longitude,Heavy traffic 2021
1001,Bradfield Highway,Milsons Point,NORTHBOUND AND SOUTHBOUND,HEAVY VEHICLES,2007,ALL DAYS,4269,-33.852116,151.21077,4907
4021,Pacific Highway,Clarenza,NORTHBOUND AND SOUTHBOUND,HEAVY VEHICLES,2008,ALL DAYS,1649,-29.671843,152.980179,1877
4023,Pacific Highway,Cowper,NORTHBOUND AND SOUTHBOUND,HEAVY VEHICLES,2011,ALL DAYS,1758,-29.569933,153.082779,1942
4026,Yamba Road,James Creek,EASTBOUND AND WESTBOUND,HEAVY VEHICLES,2011,ALL DAYS,312,-29.432274,153.247864,345
4039,Pacific Highway,West Ballina,EASTBOUND AND WESTBOUND,HEAVY VEHICLES,2007,ALL DAYS,2139,-28.865534,153.504913,2459
4040,River Street,West Ballina,EASTBOUND AND WESTBOUND,HEAVY VEHICLES,2007,ALL DAYS,2116,-28.86499,153.52594,2432
4055,Coleman Street,Bexhill,EASTBOUND AND WESTBOUND,HEAVY VEHICLES,2011,ALL DAYS,680,-28.766396,153.344452,751
4066,Pacific Highway,Ewingsdale,NORTHBOUND AND SOUTHBOUND,HEAVY VEHICLES,2011,ALL DAYS,2397,-28.642416,153.547958,2648
4078,Tweed Valley Way,Burringbar,NORTHBOUND AND SOUTHBOUND,HEAVY VEHICLES,2011,ALL DAYS,221,-28.436987,153.47641,244
4095,Bruxner Highway,South Gundurimba,EASTBOUND AND WESTBOUND,HEAVY VEHICLES,2011,ALL DAYS,684,-28.871071,153.257065,756
4098,Bruxner Highway,Mckees Hill,EASTBOUND AND WESTBOUND,HEAVY VEHICLES,2012,ALL DAYS,522,-28.878996,153.194489,571
4109,Bruxner Highway,Mummulgum,EASTBOUND AND WESTBOUND,HEAVY VEHICLES,2007,ALL DAYS,111,-28.89505,152.750992,128
4116,Pacific Highway,Broadwater,NORTHBOUND AND SOUTHBOUND,HEAVY VEHICLES,2011,ALL DAYS,1707,-28.992689,153.461746,1886
4123,Pacific Highway,Woombah,NORTHBOUND AND SOUTHBOUND,HEAVY VEHICLES,2011,ALL DAYS,1737,-29.347635,153.244537,1919
4150,Pacific Highway,Sapphire Beach,NORTHBOUND AND SOUTHBOUND,HEAVY VEHICLES,2011,ALL DAYS,2426,-30.213118,153.146668,2680
4153,Gwydir Highway,Waterview Heights,EASTBOUND AND WESTBOUND,HEAVY VEHICLES,2011,ALL DAYS,201,-29.683365,152.873718,222
4162,Paperbark Close,West Ballina,NORTHBOUND AND SOUTHBOUND,HEAVY VEHICLES,2007,ALL DAYS,118,-28.858402,153.520493,136
4164,Summerland Way,Casino,NORTHBOUND AND SOUTHBOUND,HEAVY VEHICLES,2007,ALL DAYS,533,-28.839886,153.031052,613
4165,Summerland Way,Casino,NORTHBOUND AND SOUTHBOUND,HEAVY VEHICLES,2011,ALL DAYS,446,-28.880539,153.042969,493
4168,Pacific Highway,Halfway Creek,NORTHBOUND AND SOUTHBOUND,HEAVY VEHICLES,2011,ALL DAYS,1836,-29.915937,153.068497,2028
4185,Orara Way,Braunstone,NORTHBOUND AND SOUTHBOUND,HEAVY VEHICLES,2011,ALL DAYS,96,-29.7661,152.93483,106
4197,Summerland Way,Kyogle,NORTHBOUND AND SOUTHBOUND,HEAVY VEHICLES,2007,ALL DAYS,326,-28.639427,153.000565,375
4199,Summerland Way,Wiangaree,NORTHBOUND AND SOUTHBOUND,HEAVY VEHICLES,2011,ALL DAYS,172,-28.518013,152.965607,190
4201,Kyogle Road,Fernside,EASTBOUND AND WESTBOUND,HEAVY VEHICLES,2007,ALL DAYS,135,-28.792145,153.146561,155
4254,Schwinghammer Street,South Grafton,NORTHBOUND AND SOUTHBOUND,HEAVY VEHICLES,2011,ALL DAYS,1924,-29.70809,152.941635,2125
4255,Charles Street,South Grafton,NORTHBOUND AND SOUTHBOUND,HEAVY VEHICLES,2011,ALL DAYS,1852,-29.707201,152.942123,2046
4277,Gwydir Highway,Ramornie,EASTBOUND AND WESTBOUND,HEAVY VEHICLES,2011,ALL DAYS,145,-29.64941,152.798584,160
4298,Summerland Way,Dairy Flat,NORTHBOUND AND SOUTHBOUND,HEAVY VEHICLES,2007,ALL DAYS,86,-28.336967,152.699814,99
4301,Lismore Road,Bangalow,EASTBOUND AND WESTBOUND,HEAVY VEHICLES,2011,ALL DAYS,630,-28.687433,153.521851,696
4307,Armidale Road,Elland,NORTHBOUND AND SOUTHBOUND,HEAVY VEHICLES,2011,ALL DAYS,118,-29.770197,152.926056,130
4315,Waterfall Way,Thora,EASTBOUND AND WESTBOUND,HEAVY VEHICLES,2007,ALL DAYS,187,-30.423168,152.790756,215
4331,Summerland Way,Grafton,NORTHBOUND AND SOUTHBOUND,HEAVY VEHICLES,2011,ALL DAYS,502,-29.668383,152.936691,555
4341,Summerland Way,Cedar Point,NORTHBOUND AND SOUTHBOUND,HEAVY VEHICLES,2011,ALL DAYS,338,-28.677708,152.999191,373
4367,Kyogle Road,Mount Burrell,EASTBOUND AND WESTBOUND,HEAVY VEHICLES,2007,ALL DAYS,56,-28.513172,153.177521,64
4392,Woodburn-Coraki Road,Bungawalbin,EASTBOUND AND WESTBOUND,HEAVY VEHICLES,2007,ALL DAYS,167,-29.037498,153.279007,192
4400,Pacific Highway,Gulmarrad,NORTHBOUND AND SOUTHBOUND,HEAVY VEHICLES,2011,ALL DAYS,1780,-29.48439,153.200577,1966
4413,Clarence Way,Copmanhurst,EASTBOUND AND WESTBOUND,HEAVY VEHICLES,2008,ALL DAYS,41,-29.5804,152.793167,47
4422,Coramba Road,Karangi,NORTHBOUND AND SOUTHBOUND,HEAVY VEHICLES,2008,ALL DAYS,149,-30.247154,153.044311,170
4459,Mullumbimby Road,Myocum,EASTBOUND AND WESTBOUND,HEAVY VEHICLES,2011,ALL DAYS,458,-28.569139,153.526474,506
4596,Risk Road,The Risk,NORTHBOUND AND SOUTHBOUND,HEAVY VEHICLES,2011,ALL DAYS,30,-28.48698,152.939026,33
4630,Yamba Road,Maclean,EASTBOUND AND WESTBOUND,HEAVY VEHICLES,2008,ALL DAYS,235,-29.433924,153.233063,267
4632,Pacific Highway,Maclean,NORTHBOUND AND SOUTHBOUND,HEAVY VEHICLES,2011,ALL DAYS,1833,-29.441942,153.238037,2025
4647,Summerland Way,New Park,NORTHBOUND AND SOUTHBOUND,HEAVY VEHICLES,2011,ALL DAYS,206,-28.61577,153,228
4660,Byron Bay Road,Lennox Head,NORTHBOUND AND SOUTHBOUND,HEAVY VEHICLES,2011,ALL DAYS,202,-28.787359,153.582794,223
4662,Bangalow Road,Bexhill,EASTBOUND AND WESTBOUND,HEAVY VEHICLES,2011,ALL DAYS,653,-28.761045,153.352615,721
4663,Tweed Valley Way,Stotts Creek,NORTHBOUND AND SOUTHBOUND,HEAVY VEHICLES,2007,ALL DAYS,805,-28.275921,153.499039,925
4672,Summerland Way,Whiporie,NORTHBOUND AND SOUTHBOUND,HEAVY VEHICLES,2008,ALL DAYS,229,-29.328482,152.997726,261
4674,Byron Bay Road,Broken Head,NORTHBOUND AND SOUTHBOUND,HEAVY VEHICLES,2011,ALL DAYS,230,-28.743296,153.594849,254
5029,Minmi Road,Fletcher,EASTBOUND AND WESTBOUND,HEAVY VEHICLES,2008,ALL DAYS,236,-32.875069,151.646225,269
5030,New England Highway,Harpers Hill,NORTHBOUND AND SOUTHBOUND,HEAVY VEHICLES,2010,ALL DAYS,2093,-32.707191,151.419418,2335
5033,Hunter Expressway,Branxton,NORTHBOUND AND SOUTHBOUND,HEAVY VEHICLES,2007,ALL DAYS,2066,-32.655823,151.328674,2375
5037,New England Highway,Ravensworth,NORTHBOUND AND SOUTHBOUND,HEAVY VEHICLES,2007,ALL DAYS,1713,-32.461887,151.069687,1969
5052,Maitland Road,Hexham,NORTHBOUND AND SOUTHBOUND,HEAVY VEHICLES,2010,ALL DAYS,1079,-32.832359,151.686005,1204
5057,New England Highway,Beresfield,NORTHBOUND AND SOUTHBOUND,HEAVY VEHICLES,2010,ALL DAYS,313,-32.801376,151.639969,349
5062,New England Highway,Rutherford,NORTHBOUND AND SOUTHBOUND,HEAVY VEHICLES,2007,ALL DAYS,1934,-32.710777,151.516357,2223
5063,Aberdeen Street,Muswellbrook,NORTHBOUND AND SOUTHBOUND,HEAVY VEHICLES,2010,ALL DAYS,1350,-32.243221,150.901489,1506
5084,The Bucketts Way,Twelve Mile Creek,NORTHBOUND AND SOUTHBOUND,HEAVY VEHICLES,2010,ALL DAYS,287,-32.641918,151.868454,320
5122,George Downes Drive,Central Mangrove,NORTHBOUND AND SOUTHBOUND,HEAVY VEHICLES,2008,ALL DAYS,574,-33.307156,151.235931,653
5123,George Downes Drive,Central Mangrove,NORTHBOUND AND SOUTHBOUND,HEAVY VEHICLES,2008,ALL DAYS,456,-33.28421,151.229996,519
5197,John Renshaw Drive,Buchanan,EASTBOUND AND WESTBOUND,HEAVY VEHICLES,2010,ALL DAYS,1080,-32.830002,151.517593,1205
5239,Maitland Street,Branxton,NORTHBOUND AND SOUTHBOUND,HEAVY VEHICLES,2010,ALL DAYS,2043,-32.655998,151.356186,2279
5304,Newcastle Inner City Bypass,Hillsborough,NORTHBOUND AND SOUTHBOUND,HEAVY VEHICLES,2008,ALL DAYS,1144,-32.970833,151.676498,1302
5321,Wallsend Road,Sandgate,NORTHBOUND AND SOUTHBOUND,HEAVY VEHICLES,2010,ALL DAYS,2304,-32.872467,151.704636,2570
5344,Paterson Road,Bolwarra Heights,EASTBOUND AND WESTBOUND,HEAVY VEHICLES,2007,ALL DAYS,169,-32.69735,151.593414,194
5356,Stroud Hill Road,Dungog,NORTHBOUND AND SOUTHBOUND,HEAVY VEHICLES,2007,ALL DAYS,111,-32.396793,151.764053,128
5394,Nelson Bay Road,Fern Bay,NORTHBOUND AND SOUTHBOUND,HEAVY VEHICLES,2010,ALL DAYS,955,-32.859875,151.798142,1065
5400,Nelson Bay Road,Anna Bay,EASTBOUND AND WESTBOUND,HEAVY VEHICLES,2008,ALL DAYS,324,-32.763077,152.086517,369
5424,Durham Road,Gresford,EASTBOUND AND WESTBOUND,HEAVY VEHICLES,2007,ALL DAYS,49,-32.42696,151.539444,56
5427,Gresford Road,Paterson,NORTHBOUND AND SOUTHBOUND,HEAVY VEHICLES,2007,ALL DAYS,88,-32.5588,151.591629,101
5480,Merriwa Road,Sandy Hollow,EASTBOUND AND WESTBOUND,HEAVY VEHICLES,2008,ALL DAYS,280,-32.335648,150.568878,319
5481,Jerrys Plains Road,Mount Thorley,NORTHBOUND AND SOUTHBOUND,HEAVY VEHICLES,2007,ALL DAYS,454,-32.606564,151.098312,522
5510,Main Road,Dora Creek,NORTHBOUND AND SOUTHBOUND,HEAVY VEHICLES,2014,ALL DAYS,136,-33.08407211,151.5009766,146
5535,Elderslie Road,Mitchells Flat,NORTHBOUND AND SOUTHBOUND,HEAVY VEHICLES,2007,ALL DAYS,45,-32.557648,151.314255,52
5540,Wine Country Drive,Nulkaba,NORTHBOUND AND SOUTHBOUND,HEAVY VEHICLES,2010,ALL DAYS,845,-32.792561,151.348862,943
5590,Tomago Road,Tomago,EASTBOUND AND WESTBOUND,HEAVY VEHICLES,2010,ALL DAYS,1322,-32.820675,151.699371,1475
5648,Richardson Road,Campvale,EASTBOUND AND WESTBOUND,HEAVY VEHICLES,2010,ALL DAYS,497,-32.769081,151.848694,554
5650,Medowie Road,Williamtown,NORTHBOUND AND SOUTHBOUND,HEAVY VEHICLES,2010,ALL DAYS,384,-32.800995,151.851578,428
5694,John Renshaw Drive,Buchanan,EASTBOUND AND WESTBOUND,HEAVY VEHICLES,2010,ALL DAYS,865,-32.828461,151.535095,965
5813,Wisemans Ferry Road,Somersby,NORTHBOUND AND SOUTHBOUND,HEAVY VEHICLES,2008,ALL DAYS,219,-33.373325,151.289383,249
5841,Mitchell Line Of Road,Singleton Military Area,EASTBOUND AND WESTBOUND,HEAVY VEHICLES,2010,ALL DAYS,511,-32.64053,151.216064,570
5842,Tourle Street,Mayfield West,NORTHBOUND AND SOUTHBOUND,HEAVY VEHICLES,2015,ALL DAYS,2777,-32.88147,151.732773,2948
5849,Tocal Road,Tocal,NORTHBOUND AND SOUTHBOUND,HEAVY VEHICLES,2007,ALL DAYS,229,-32.615318,151.605942,263
5914,The Entrance Road,Wamberal,EASTBOUND AND WESTBOUND,HEAVY VEHICLES,2010,ALL DAYS,911,-33.424152,151.431168,1016
5944,Nelson Bay Road,Nelson Bay,NORTHBOUND AND SOUTHBOUND,HEAVY VEHICLES,2010,ALL DAYS,423,-32.743103,152.115234,472
5945,Minmi Road,Cameron Park,NORTHBOUND AND SOUTHBOUND,HEAVY VEHICLES,2010,ALL DAYS,533,-32.903702,151.622528,595
6105,Great Western Highway,Meadow Flat,EASTBOUND AND WESTBOUND,HEAVY VEHICLES,2017,ALL DAYS,1576,-33.437302,149.929047,1640
6107,Sydney Road,Raglan,EASTBOUND AND WESTBOUND,HEAVY VEHICLES,2017,ALL DAYS,1708,-33.424236,149.665482,1777
6113,Monaro Highway,Cooma,NORTHBOUND AND SOUTHBOUND,HEAVY VEHICLES,2017,ALL DAYS,643,-36.210968,149.154999,669
6114,Monaro Highway,Bredbo,NORTHBOUND AND SOUTHBOUND,HEAVY VEHICLES,2017,ALL DAYS,637,-35.975777,149.138184,663
6115,Pacific Highway,Woodburn,NORTHBOUND AND SOUTHBOUND,HEAVY VEHICLES,2017,ALL DAYS,2716,-29.066118,153.360901,2826
6116,Pacific Highway,Wardell,NORTHBOUND AND SOUTHBOUND,HEAVY VEHICLES,2017,ALL DAYS,2826,-28.952976,153.464539,2941
6124,Macleay Valley Way,South Kempsey,NORTHBOUND AND SOUTHBOUND,HEAVY VEHICLES,2017,ALL DAYS,907,-31.105118,152.831375,944
6133,Gwydir Highway,Inverell,EASTBOUND AND WESTBOUND,HEAVY VEHICLES,2017,ALL DAYS,323,-29.777054,151.170212,336
6134,Gwydir Highway,Glen Innes,EASTBOUND AND WESTBOUND,HEAVY VEHICLES,2017,ALL DAYS,366,-29.730248,151.6996,381
6141,Newell Highway,Forbes,NORTHBOUND AND SOUTHBOUND,HEAVY VEHICLES,2017,ALL DAYS,924,-33.410191,147.969162,962
6142,Newell Highway,Wyalong,NORTHBOUND AND SOUTHBOUND,HEAVY VEHICLES,2017,ALL DAYS,808,-33.924088,147.258881,841
6143,Newell Highway,Wyalong,NORTHBOUND AND SOUTHBOUND,HEAVY VEHICLES,2017,ALL DAYS,854,-33.924194,147.258545,889
6144,Newell Highway,Forbes,NORTHBOUND AND SOUTHBOUND,HEAVY VEHICLES,2017,ALL DAYS,950,-33.410091,147.969513,989
6145,Newell Highway,Eumungerie,NORTHBOUND AND SOUTHBOUND,HEAVY VEHICLES,2017,ALL DAYS,803,-31.995474,148.579636,836
6146,Newell Highway,Gilgandra,NORTHBOUND AND SOUTHBOUND,HEAVY VEHICLES,2017,ALL DAYS,984,-31.748741,148.641037,1024
6147,Newell Highway,Gilgandra,NORTHBOUND AND SOUTHBOUND,HEAVY VEHICLES,2017,ALL DAYS,995,-31.74824,148.641083,1035
6148,Newell Highway,Eumungerie,NORTHBOUND AND SOUTHBOUND,HEAVY VEHICLES,2017,ALL DAYS,796,-31.995008,148.579727,828
6149,Newell Highway,Tomingley,NORTHBOUND AND SOUTHBOUND,HEAVY VEHICLES,2017,ALL DAYS,990,-32.657825,148.199264,1030
6152,Newell Highway,Tomingley,NORTHBOUND AND SOUTHBOUND,HEAVY VEHICLES,2017,ALL DAYS,988,-32.657585,148.199356,1028
6153,New England Highway,Rixs Creek,NORTHBOUND AND SOUTHBOUND,HEAVY VEHICLES,2017,ALL DAYS,3242,-32.532272,151.139435,3374
6154,New England Highway,Muswellbrook,NORTHBOUND AND SOUTHBOUND,HEAVY VEHICLES,2017,ALL DAYS,1929,-32.300934,150.932449,2007
6157,New England Highway,Muswellbrook,NORTHBOUND AND SOUTHBOUND,HEAVY VEHICLES,2017,ALL DAYS,1863,-32.237709,150.903046,1939
6158,New England Highway,Aberdeen,NORTHBOUND AND SOUTHBOUND,HEAVY VEHICLES,2017,ALL DAYS,1735,-32.179447,150.889908,1805
6163,Golden Highway,Merriwa,EASTBOUND AND WESTBOUND,HEAVY VEHICLES,2017,ALL DAYS,445,-32.155666,150.392487,463
6164,Merriwa Road,Sandy Hollow,EASTBOUND AND WESTBOUND,HEAVY VEHICLES,2017,ALL DAYS,498,-32.327095,150.537567,518
6167,Oxley Highway,Gunnedah,EASTBOUND AND WESTBOUND,HEAVY VEHICLES,2017,ALL DAYS,627,-30.979286,150.307693,652
6168,Oxley Highway,Westdale,EASTBOUND AND WESTBOUND,HEAVY VEHICLES,2017,ALL DAYS,715,-31.063797,150.833038,744
6169,Mitchell Highway,Molong,NORTHBOUND AND SOUTHBOUND,HEAVY VEHICLES,2017,ALL DAYS,591,-33.052498,148.862244,615
6170,Mitchell Highway,Cundumbul,NORTHBOUND AND SOUTHBOUND,HEAVY VEHICLES,2017,ALL DAYS,580,-32.829884,148.905258,604
6179,Picton Road,Wilton,EASTBOUND AND WESTBOUND,HEAVY VEHICLES,2017,ALL DAYS,4551,-34.272804,150.714188,4736
6188,Great Western Highway,Mount Victoria,EASTBOUND AND WESTBOUND,HEAVY VEHICLES,2017,ALL DAYS,1975,-33.582989,150.240768,2055
6190,Great Western Highway,Hartley,EASTBOUND AND WESTBOUND,HEAVY VEHICLES,2017,ALL DAYS,1900,-33.544159,150.171692,1977
6191,Great Western Highway,Hartley,EASTBOUND AND WESTBOUND,HEAVY VEHICLES,2017,ALL DAYS,1692,-33.530327,150.153626,1761
6192,Great Western Highway,Hartley,EASTBOUND AND WESTBOUND,HEAVY VEHICLES,2017,ALL DAYS,1918,-33.544163,150.171692,1996
6193,Great Western Highway,Little Hartley,EASTBOUND AND WESTBOUND,HEAVY VEHICLES,2017,ALL DAYS,2222,-33.579613,150.222458,2312
6194,Oxley Highway,Bective,EASTBOUND AND WESTBOUND,HEAVY VEHICLES,2017,ALL DAYS,629,-30.984961,150.768204,655
7023,Remembrance Driveway,Menangle,NORTHBOUND AND SOUTHBOUND,HEAVY VEHICLES,2008,ALL DAYS,559,-34.117878,150.698563,636
7038,Illawarra Highway,Albion Park Rail,EASTBOUND AND WESTBOUND,HEAVY VEHICLES,2007,ALL DAYS,620,-34.549778,150.784073,713
7041,Princes Highway,Dunmore,NORTHBOUND AND SOUTHBOUND,HEAVY VEHICLES,2007,ALL DAYS,1706,-34.600235,150.841019,1961
7044,Fern Street,Gerringong,NORTHBOUND AND SOUTHBOUND,HEAVY VEHICLES,2007,ALL DAYS,219,-34.737141,150.827194,252
7060,Princes Highway,Conjola,NORTHBOUND AND SOUTHBOUND,HEAVY VEHICLES,2007,ALL DAYS,571,-35.215847,150.43483,656
7097,Five Islands Road,Spring Hill,NORTHBOUND AND SOUTHBOUND,HEAVY VEHICLES,2017,ALL DAYS,4134,-34.465855,150.874085,4302
7115,Canterbury Road,Wiley Park,EASTBOUND AND WESTBOUND,HEAVY VEHICLES,2017,ALL DAYS,1593,-33.929409,151.072479,1658
7134,Picton Road,Cordeaux,EASTBOUND AND WESTBOUND,HEAVY VEHICLES,2007,ALL DAYS,1819,-34.370796,150.82843,2091
7149,Newbridge Road,Milperra,EASTBOUND AND WESTBOUND,HEAVY VEHICLES,2017,ALL DAYS,4184,-33.92949295,150.9801636,4354
7275,Georges River Road,Croydon Park,NORTHBOUND AND SOUTHBOUND,HEAVY VEHICLES,2017,ALL DAYS,1650,-33.894714,151.110962,1717
7311,Jamberoo Mountain Road,Robertson,EASTBOUND AND WESTBOUND,HEAVY VEHICLES,2007,ALL DAYS,16,-34.611076,150.667053,18
7312,Jamberoo Mountain Road,Jamberoo,EASTBOUND AND WESTBOUND,HEAVY VEHICLES,2007,ALL DAYS,50,-34.641022,150.766892,57
7313,Jamberoo Road,Curramore,NORTHBOUND AND SOUTHBOUND,HEAVY VEHICLES,2007,ALL DAYS,79,-34.634743,150.771423,91
7350,Illawarra Highway,Sutton Forest,EASTBOUND AND WESTBOUND,HEAVY VEHICLES,2008,ALL DAYS,285,-34.586018,150.271423,324
7354,Moss Vale Road,Bomaderry,EASTBOUND AND WESTBOUND,HEAVY VEHICLES,2007,ALL DAYS,298,-34.841934,150.593338,343
7356,Princes Highway,East Lynne,NORTHBOUND AND SOUTHBOUND,HEAVY VEHICLES,2007,ALL DAYS,378,-35.572941,150.259796,435
7363,Picton Road,Wilton,NORTHBOUND AND SOUTHBOUND,HEAVY VEHICLES,2008,ALL DAYS,829,-34.205555,150.652161,943
7374,Remembrance Driveway,Tahmoor,NORTHBOUND AND SOUTHBOUND,HEAVY VEHICLES,2006,ALL DAYS,468,-34.223099,150.593338,543
7391,Illawarra Highway,Avoca,EASTBOUND AND WESTBOUND,HEAVY VEHICLES,2008,ALL DAYS,303,-34.572968,150.463501,345
7400,Menangle Road,Menangle Park,NORTHBOUND AND SOUTHBOUND,HEAVY VEHICLES,2008,ALL DAYS,202,-34.117558,150.739578,230
7407,Old Hume Highway,Woodlands,EASTBOUND AND WESTBOUND,HEAVY VEHICLES,2008,ALL DAYS,146,-34.439266,150.411972,166
7426,Moss Vale Road,Kangaroo Valley,NORTHBOUND AND SOUTHBOUND,HEAVY VEHICLES,2007,ALL DAYS,211,-34.728153,150.521271,243
7436,Sheepwash Road,Avoca,NORTHBOUND AND SOUTHBOUND,HEAVY VEHICLES,2008,ALL DAYS,174,-34.587738,150.479248,198
7449,Bolong Road,Bolong,EASTBOUND AND WESTBOUND,HEAVY VEHICLES,2007,ALL DAYS,219,-34.853565,150.677582,252
7457,Berrima Road,New Berrima,NORTHBOUND AND SOUTHBOUND,HEAVY VEHICLES,2008,ALL DAYS,442,-34.512287,150.34462,503
7466,Sussex Inlet Road,Tullarwalla,EASTBOUND AND WESTBOUND,HEAVY VEHICLES,2007,ALL DAYS,181,-35.112286,150.498138,208
7471,Barkers Lodge Road,Oakdale,NORTHBOUND AND SOUTHBOUND,HEAVY VEHICLES,2008,ALL DAYS,88,-34.085472,150.507492,100
7475,Barkers Lodge Road,Picton,NORTHBOUND AND SOUTHBOUND,HEAVY VEHICLES,2008,ALL DAYS,172,-34.164078,150.607239,196
7684,Menangle Road,Razorback,EASTBOUND AND WESTBOUND,HEAVY VEHICLES,2008,ALL DAYS,171,-34.191059,150.649475,195
7742,Wilton Road,Appin,NORTHBOUND AND SOUTHBOUND,HEAVY VEHICLES,2008,ALL DAYS,137,-34.226757,150.744522,156
7747,Princes Highway,Bulli,NORTHBOUND AND SOUTHBOUND,HEAVY VEHICLES,2014,ALL DAYS,678,-34.320358,150.895767,727
7752,Lawrence Hargrave Drive,Thirroul,NORTHBOUND AND SOUTHBOUND,HEAVY VEHICLES,2007,ALL DAYS,586,-34.312885,150.927902,674
7803,Princes Highway,Berry,NORTHBOUND AND SOUTHBOUND,HEAVY VEHICLES,2007,ALL DAYS,1143,-34.770016,150.709396,1314
7805,Dunmore Road,Shell Cove,NORTHBOUND AND SOUTHBOUND,HEAVY VEHICLES,2007,ALL DAYS,535,-34.596828,150.847763,615
8004,Kings Highway,Nelligen,EASTBOUND AND WESTBOUND,HEAVY VEHICLES,2009,ALL DAYS,184,-35.646713,150.139496,207
8056,Princes Highway,Mogo,NORTHBOUND AND SOUTHBOUND,HEAVY VEHICLES,2007,ALL DAYS,566,-35.764999,150.151718,651
8059,Princes Highway,Moruya,NORTHBOUND AND SOUTHBOUND,HEAVY VEHICLES,2007,ALL DAYS,457,-35.883472,150.086456,525
8075,Delegate Road,Bombala,NORTHBOUND AND SOUTHBOUND,HEAVY VEHICLES,2006,ALL DAYS,120,-36.92498,149.221268,139
8081,Snowy Mountains Highway,Coolringdon,EASTBOUND AND WESTBOUND,HEAVY VEHICLES,2008,ALL DAYS,52,-36.24604,149.037537,59
8085,Kosciuszko Road,Coolringdon,EASTBOUND AND WESTBOUND,HEAVY VEHICLES,2006,ALL DAYS,142,-36.255444,149.032303,165
8089,Snowy Mountains Highway,Kosciuszko National Park,NORTHBOUND AND SOUTHBOUND,HEAVY VEHICLES,2006,ALL DAYS,36,-35.752174,148.51828,42
8091,Newtown Road,Bega,NORTHBOUND AND SOUTHBOUND,HEAVY VEHICLES,2007,ALL DAYS,408,-36.690758,149.839813,469
8104,Tathra-Bermagui Road,Barragga Bay,NORTHBOUND AND SOUTHBOUND,HEAVY VEHICLES,2007,ALL DAYS,57,-36.506157,150.052231,66
8105,Wallaga Lake Road,Wallaga Lake,NORTHBOUND AND SOUTHBOUND,HEAVY VEHICLES,2007,ALL DAYS,65,-36.358948,150.076187,75
8106,Monaro Highway,Bombala,NORTHBOUND AND SOUTHBOUND,HEAVY VEHICLES,2006,ALL DAYS,134,-36.936531,149.222305,156
8113,Bunga Street,Bermagui,NORTHBOUND AND SOUTHBOUND,HEAVY VEHICLES,2007,ALL DAYS,118,-36.43306,150.075211,136
8114,Cobargo Bermagui Road,Cobargo,EASTBOUND AND WESTBOUND,HEAVY VEHICLES,2007,ALL DAYS,86,-36.396252,149.901337,99
8117,Kosciuszko Road,Hill Top,EASTBOUND AND WESTBOUND,HEAVY VEHICLES,2006,ALL DAYS,157,-36.366638,148.689606,182
8126,Princes Highway,Moruya,NORTHBOUND AND SOUTHBOUND,HEAVY VEHICLES,2007,ALL DAYS,455,-35.919724,150.083954,523
8127,Princes Highway,Bergalia,NORTHBOUND AND SOUTHBOUND,HEAVY VEHICLES,2007,ALL DAYS,458,-35.97525,150.102051,526
8129,Princes Highway,Turlinjah,NORTHBOUND AND SOUTHBOUND,HEAVY VEHICLES,2007,ALL DAYS,240,-36.027466,150.097183,276
8131,Princes Highway,Coopers Gully,NORTHBOUND AND SOUTHBOUND,HEAVY VEHICLES,2007,ALL DAYS,377,-36.652145,149.82312,433
8151,Snowy Mountains Highway,Bemboka,EASTBOUND AND WESTBOUND,HEAVY VEHICLES,2008,ALL DAYS,109,-36.619923,149.401627,124
8152,Monaro Highway,Steeple Flat,NORTHBOUND AND SOUTHBOUND,HEAVY VEHICLES,2008,ALL DAYS,184,-36.577324,149.312332,209
8154,Sharp Street,Cooma,EASTBOUND AND WESTBOUND,HEAVY VEHICLES,2008,ALL DAYS,286,-36.238735,149.113983,325
8155,Snowy Mountains Highway,Rhine Falls,EASTBOUND AND WESTBOUND,HEAVY VEHICLES,2008,ALL DAYS,53,-36.16885,148.884247,60
8156,Snowy Mountains Highway,Rhine Falls,NORTHBOUND AND SOUTHBOUND,HEAVY VEHICLES,2006,ALL DAYS,75,-36.150887,148.882217,87
8188,Wallaga Lake Road,Bermagui,NORTHBOUND AND SOUTHBOUND,HEAVY VEHICLES,2007,ALL DAYS,98,-36.406666,150.046936,113
8199,Cathcart Road,Cathcart,EASTBOUND AND WESTBOUND,HEAVY VEHICLES,2007,ALL DAYS,18,-36.847767,149.36087,21
8213,Jindabyne Road,Berridale,EASTBOUND AND WESTBOUND,HEAVY VEHICLES,2008,ALL DAYS,180,-36.363407,148.829636,205
8214,Kosciuszko Road,East Jindabyne,EASTBOUND AND WESTBOUND,HEAVY VEHICLES,2006,ALL DAYS,172,-36.376331,148.676712,200
8220,Monaro Highway,Rockton,NORTHBOUND AND SOUTHBOUND,HEAVY VEHICLES,2006,ALL DAYS,50,-37.230785,149.274811,58
8297,Snowy Mountains Highway,Adaminaby,EASTBOUND AND WESTBOUND,HEAVY VEHICLES,2008,ALL DAYS,41,-35.997982,148.743729,47
8312,Alpine Way,Crackenback,EASTBOUND AND WESTBOUND,HEAVY VEHICLES,2006,ALL DAYS,81,-36.414921,148.586685,94
8355,Barry Way,Jindabyne,NORTHBOUND AND SOUTHBOUND,HEAVY VEHICLES,2008,ALL DAYS,106,-36.440582,148.605881,121
8360,Vesper Street,Batemans Bay,NORTHBOUND AND SOUTHBOUND,HEAVY VEHICLES,2007,ALL DAYS,640,-35.714485,150.174606,736
9042,Oxley Highway,Sancrox,EASTBOUND AND WESTBOUND,HEAVY VEHICLES,2011,ALL DAYS,496,-31.4622,152.812286,548
9110,The Bucketts Way,Taree South,EASTBOUND AND WESTBOUND,HEAVY VEHICLES,2007,ALL DAYS,193,-31.941372,152.44397,222
9112,Pacific Highway,Pampoolah,NORTHBOUND AND SOUTHBOUND,HEAVY VEHICLES,2007,ALL DAYS,2086,-31.931879,152.49295,2398
9115,Pacific Highway,Ghinni Ghinni,NORTHBOUND AND SOUTHBOUND,HEAVY VEHICLES,2007,ALL DAYS,1978,-31.878824,152.557663,2274
9120,Pacific Highway,Kew,NORTHBOUND AND SOUTHBOUND,HEAVY VEHICLES,2007,ALL DAYS,2109,-31.651276,152.727508,2424
9122,Pacific Highway,Kew,NORTHBOUND AND SOUTHBOUND,HEAVY VEHICLES,2007,ALL DAYS,2170,-31.621662,152.726563,2494
9133,Oxley Highway,Hartys Plains,EASTBOUND AND WESTBOUND,HEAVY VEHICLES,2011,ALL DAYS,105,-31.482439,152.625382,116
9138,Pembrooke Road,Pembrooke,EASTBOUND AND WESTBOUND,HEAVY VEHICLES,2008,ALL DAYS,47,-31.345533,152.783844,53
9145,Pacific Highway,Bellimbopinni,NORTHBOUND AND SOUTHBOUND,HEAVY VEHICLES,2011,ALL DAYS,2017,-31.000788,152.913361,2228
9149,Pacific Highway,Barraganyatti,NORTHBOUND AND SOUTHBOUND,HEAVY VEHICLES,2011,ALL DAYS,1917,-30.8731,152.937958,2118
9176,South West Rocks Road,Hampden Hall,EASTBOUND AND WESTBOUND,HEAVY VEHICLES,2007,ALL DAYS,135,-31.071444,152.85965,155
9245,Pacific Highway,North Macksville,NORTHBOUND AND SOUTHBOUND,HEAVY VEHICLES,2011,ALL DAYS,2307,-30.682865,152.970917,2548
9293,Pacific Highway,Fernbank Creek,NORTHBOUND AND SOUTHBOUND,HEAVY VEHICLES,2011,ALL DAYS,2227,-31.430788,152.822479,2460
9295,Pacific Highway,Cooperabung,NORTHBOUND AND SOUTHBOUND,HEAVY VEHICLES,2011,ALL DAYS,2290,-31.244495,152.822952,2530
9333,The Bucketts Way,Gloucester,EASTBOUND AND WESTBOUND,HEAVY VEHICLES,2008,ALL DAYS,130,-32.007946,151.969009,148
9338,The Bucketts Way,Burrell Creek,EASTBOUND AND WESTBOUND,HEAVY VEHICLES,2008,ALL DAYS,60,-31.949724,152.287766,68
9339,The Bucketts Way,Burrell Creek,EASTBOUND AND WESTBOUND,HEAVY VEHICLES,2007,ALL DAYS,26,-31.949741,152.313995,30
9403,Bulga Road,Marlee,NORTHBOUND AND SOUTHBOUND,HEAVY VEHICLES,2007,ALL DAYS,27,-31.767307,152.316208,31
9410,Gloucester Road,Killawarra,EASTBOUND AND WESTBOUND,HEAVY VEHICLES,2007,ALL DAYS,83,-31.8787,152.328598,95
9572,New England Highway,Wallabadah,NORTHBOUND AND SOUTHBOUND,HEAVY VEHICLES,2014,ALL DAYS,351,-31.459629,150.860687,376
9816,Crescent Head Road,South Kempsey,NORTHBOUND AND SOUTHBOUND,HEAVY VEHICLES,2011,ALL DAYS,107,-31.134058,152.891464,118
9845,Ocean Drive,Lake Cathie,NORTHBOUND AND SOUTHBOUND,HEAVY VEHICLES,2007,ALL DAYS,260,-31.56752,152.834808,299
9849,The Boulevarde,Strathfield,NORTHBOUND AND SOUTHBOUND,HEAVY VEHICLES,2017,ALL DAYS,1217,-33.877975,151.093185,1266
9870,Wallanbah Road,Nabiac,EASTBOUND AND WESTBOUND,HEAVY VEHICLES,2007,ALL DAYS,104,-32.097305,152.368164,120
9886,Nowendoc Road,Karaak Flat,EASTBOUND AND WESTBOUND,HEAVY VEHICLES,2007,ALL DAYS,46,-31.901012,152.302185,53
9909,Pacific Highway,Bulahdelah,NORTHBOUND AND SOUTHBOUND,HEAVY VEHICLES,2010,ALL DAYS,2379,-32.450874,152.197174,2654
9913,The Bucketts Way,Limeburners Creek,NORTHBOUND AND SOUTHBOUND,HEAVY VEHICLES,2007,ALL DAYS,186,-32.6078,151.894531,214
9918,The Bucketts Way,Stroud Road,NORTHBOUND AND SOUTHBOUND,HEAVY VEHICLES,2008,ALL DAYS,128,-32.279106,151.911041,146
9919,The Bucketts Way,Weismantels,NORTHBOUND AND SOUTHBOUND,HEAVY VEHICLES,2007,ALL DAYS,123,-32.259876,151.925491,141
9925,The Lakes Way,Forster,NORTHBOUND AND SOUTHBOUND,HEAVY VEHICLES,2007,ALL DAYS,172,-32.252533,152.53624,198
9929,Stroud Hill Road,Stroud,EASTBOUND AND WESTBOUND,HEAVY VEHICLES,2007,ALL DAYS,62,-32.376461,151.937958,71
9938,Failford Road,Failford,EASTBOUND AND WESTBOUND,HEAVY VEHICLES,2010,ALL DAYS,291,-32.086357,152.427734,325
10011,New South Head Road,Edgecliff,EASTBOUND AND WESTBOUND,HEAVY VEHICLES,2013,ALL DAYS,2839,-33.876652,151.230606,3074
18041,Canal Road,St Peters,EASTBOUND AND WESTBOUND,HEAVY VEHICLES,2017,ALL DAYS,4008,-33.919224,151.177978,4171
20075,City West Link Road,Lilyfield,EASTBOUND AND WESTBOUND,HEAVY VEHICLES,2013,ALL DAYS,3498,-33.871185,151.172668,3788
22001,Military Road,Mosman,EASTBOUND AND WESTBOUND,HEAVY VEHICLES,2017,ALL DAYS,5229,-33.825577,151.233261,5441
23067,Marsh Street,Arncliffe,EASTBOUND AND WESTBOUND,HEAVY VEHICLES,2017,ALL DAYS,919,-33.934475,151.15831,956
24021,Punchbowl Road,Belfield,EASTBOUND AND WESTBOUND,HEAVY VEHICLES,2017,ALL DAYS,162,-33.899914,151.088058,169
28008,Centenary Drive,Homebush West,NORTHBOUND AND SOUTHBOUND,HEAVY VEHICLES,2017,ALL DAYS,2026,-33.86327,151.066605,2108
29005,Concord Road,Rhodes,NORTHBOUND AND SOUTHBOUND,HEAVY VEHICLES,2017,ALL DAYS,6412,-33.824696,151.093216,6672
30011,Victoria Road,Rozelle,EASTBOUND AND WESTBOUND,HEAVY VEHICLES,2012,ALL DAYS,3356,-33.860798,151.164291,3670
32029,Burns Bay Road,Lane Cove West,NORTHBOUND AND SOUTHBOUND,HEAVY VEHICLES,2012,ALL DAYS,1316,-33.821175,151.149902,1439
33023,Eastern Valley Way,Castlecrag,NORTHBOUND AND SOUTHBOUND,HEAVY VEHICLES,2017,ALL DAYS,1967,-33.799751,151.210465,2047
33026,Penshurst Street,Chatswood,NORTHBOUND AND SOUTHBOUND,HEAVY VEHICLES,2014,ALL DAYS,924,-33.788738,151.193848,991
34001,Spit Road,Middle Harbour,NORTHBOUND AND SOUTHBOUND,HEAVY VEHICLES,2014,ALL DAYS,3885,-33.803474,151.246109,4165
34016,Condamine Street,Manly Vale,NORTHBOUND AND SOUTHBOUND,HEAVY VEHICLES,2014,ALL DAYS,428,-33.778187,151.267136,459
34029,Wakehurst Parkway,Seaforth,NORTHBOUND AND SOUTHBOUND,HEAVY VEHICLES,2014,ALL DAYS,717,-33.781223,151.237793,769
37022,Heathcote Road,Engadine,NORTHBOUND AND SOUTHBOUND,HEAVY VEHICLES,2013,ALL DAYS,1649,-34.072643,151.000855,1786
40041,King Georges Road,Blakehurst,NORTHBOUND AND SOUTHBOUND,HEAVY VEHICLES,2017,ALL DAYS,3157,-33.984394,151.109436,3285
42001,Alfords Point Road,Padstow Heights,NORTHBOUND AND SOUTHBOUND,HEAVY VEHICLES,2017,ALL DAYS,770,-33.977142,151.030533,801
47024,Parramatta Road,Auburn,EASTBOUND AND WESTBOUND,HEAVY VEHICLES,2016,ALL DAYS,2341,-33.83889,151.029022,2460
48001,Western Motorway,Lidcombe,EASTBOUND AND WESTBOUND,HEAVY VEHICLES,2015,ALL DAYS,12755,-33.852379,151.057754,13540
49025,Parramatta Road,Clyde,EASTBOUND AND WESTBOUND,HEAVY VEHICLES,2013,ALL DAYS,4153,-33.832642,151.016739,4497
50231,Marsden Road,Carlingford,NORTHBOUND AND SOUTHBOUND,HEAVY VEHICLES,2017,ALL DAYS,2035,-33.78928,151.062759,2118
50233,Silverwater Road,Ermington,NORTHBOUND AND SOUTHBOUND,HEAVY VEHICLES,2017,ALL DAYS,2271,-33.807297,151.053345,2363
50234,Victoria Road,Rydalmere,EASTBOUND AND WESTBOUND,HEAVY VEHICLES,2015,ALL DAYS,2423,-33.812046,151.039719,2572
50240,Briens Road,Northmead,EASTBOUND AND WESTBOUND,HEAVY VEHICLES,2017,ALL DAYS,5852,-33.796436,150.987595,6090
50250,Hart Drive,Constitution Hill,EASTBOUND AND WESTBOUND,HEAVY VEHICLES,2011,ALL DAYS,2853,-33.797592,150.975433,3151
50260,Silverwater Road,Rydalmere,NORTHBOUND AND SOUTHBOUND,HEAVY VEHICLES,2017,ALL DAYS,5352,-33.819763,151.05188,5569
51234,Lane Cove Road,Ryde,NORTHBOUND AND SOUTHBOUND,HEAVY VEHICLES,2014,ALL DAYS,3977,-33.80019,151.114365,4264
51235,Victoria Road,Ryde,EASTBOUND AND WESTBOUND,HEAVY VEHICLES,2017,ALL DAYS,3781,-33.81551,151.101105,3935
53003,Pacific Highway,Warrawee,NORTHBOUND AND SOUTHBOUND,HEAVY VEHICLES,2016,ALL DAYS,4193,-33.729225,151.122208,4407
53004,Pacific Highway,Gordon,NORTHBOUND AND SOUTHBOUND,HEAVY VEHICLES,2017,ALL DAYS,3113,-33.75317,151.151077,3239
53005,Ryde Road,West Pymble,NORTHBOUND AND SOUTHBOUND,HEAVY VEHICLES,2017,ALL DAYS,5579,-33.763687,151.136978,5806
53029,Mona Vale Road,St Ives,NORTHBOUND AND SOUTHBOUND,HEAVY VEHICLES,2013,ALL DAYS,3563,-33.725666,151.168045,3858
55049,Pittwater Road,Collaroy,NORTHBOUND AND SOUTHBOUND,HEAVY VEHICLES,2013,ALL DAYS,2068,-33.729507,151.30011,2239
55050,Warringah Road,Beacon Hill,EASTBOUND AND WESTBOUND,HEAVY VEHICLES,2013,ALL DAYS,2898,-33.753262,151.257889,3138
55052,Wakehurst Parkway,Oxford Falls,NORTHBOUND AND SOUTHBOUND,HEAVY VEHICLES,2014,ALL DAYS,1031,-33.737915,151.244888,1105
57024,Mona Vale Road,Ingleside,EASTBOUND AND WESTBOUND,HEAVY VEHICLES,2017,ALL DAYS,2386,-33.686592,151.256943,2483
57025,Forest Way,Belrose,NORTHBOUND AND SOUTHBOUND,HEAVY VEHICLES,2016,ALL DAYS,3351,-33.725773,151.219788,3522
60001,Newbridge Road,Moorebank,EASTBOUND AND WESTBOUND,HEAVY VEHICLES,2016,ALL DAYS,3053,-33.926929,150.928101,3209
62001,Hume Highway,Casula,NORTHBOUND AND SOUTHBOUND,HEAVY VEHICLES,2017,ALL DAYS,708,-33.956684,150.891098,737
66021,Woodville Road,Villawood,NORTHBOUND AND SOUTHBOUND,HEAVY VEHICLES,2014,ALL DAYS,3747,-33.888622,150.97377,4017
66249,Fairfield Street,Fairfield East,EASTBOUND AND WESTBOUND,HEAVY VEHICLES,2017,ALL DAYS,1354,-33.869324,150.963486,1409
68024,Great Western Highway,Wentworthville,EASTBOUND AND WESTBOUND,HEAVY VEHICLES,2016,ALL DAYS,2297,-33.814941,150.966827,2414
68025,Great Western Highway,South Wentworthville,EASTBOUND AND WESTBOUND,HEAVY VEHICLES,2017,ALL DAYS,1781,-33.816696,150.976623,1853
70154,Knox Road,Doonside,NORTHBOUND AND SOUTHBOUND,HEAVY VEHICLES,2017,ALL DAYS,2111,-33.763252,150.863083,2197
71024,Windsor Road,Rouse Hill,NORTHBOUND AND SOUTHBOUND,HEAVY VEHICLES,2017,ALL DAYS,609,-33.699543,150.928497,634
72026,Old Northern Road,Castle Hill,EASTBOUND AND WESTBOUND,HEAVY VEHICLES,2016,ALL DAYS,2166,-33.744923,150.996368,2276
72027,Windsor Road,Baulkham Hills,NORTHBOUND AND SOUTHBOUND,HEAVY VEHICLES,2017,ALL DAYS,1993,-33.740467,150.984421,2074
72028,Castle Hill Road,Cherrybrook,EASTBOUND AND WESTBOUND,HEAVY VEHICLES,2013,ALL DAYS,1261,-33.738117,151.033081,1365
73038,Old Northern Road,Dural,NORTHBOUND AND SOUTHBOUND,HEAVY VEHICLES,2017,ALL DAYS,991,-33.699642,151.01561,1031
74228,New Line Road,Cherrybrook,NORTHBOUND AND SOUTHBOUND,HEAVY VEHICLES,2017,ALL DAYS,1643,-33.723019,151.036606,1710
74229,Beecroft Road,Cheltenham,NORTHBOUND AND SOUTHBOUND,HEAVY VEHICLES,2015,ALL DAYS,1275,-33.760658,151.07962,1353
83011,Campbelltown Road,Leumeah,NORTHBOUND AND SOUTHBOUND,HEAVY VEHICLES,2017,ALL DAYS,3622,-34.050945,150.825409,3769
87001,Great Western Highway,Penrith,EASTBOUND AND WESTBOUND,HEAVY VEHICLES,2017,ALL DAYS,141,-33.746132,150.681915,147
91003,Gwydir Highway,Gibraltar Range,EASTBOUND AND WESTBOUND,HEAVY VEHICLES,2007,ALL DAYS,63,-29.515152,152.312042,72
91022,Newell Highway,Gurley,NORTHBOUND AND SOUTHBOUND,HEAVY VEHICLES,2008,ALL DAYS,1081,-29.83647,149.787933,1230
91029,New England Highway,Tenterfield,NORTHBOUND AND SOUTHBOUND,HEAVY VEHICLES,2011,ALL DAYS,430,-29.067877,152.014404,475
91051,Gwydir Highway,Moree,EASTBOUND AND WESTBOUND,HEAVY VEHICLES,2008,ALL DAYS,171,-29.517397,149.678696,195
91068,Gwydir Highway,Glen Innes,EASTBOUND AND WESTBOUND,HEAVY VEHICLES,2011,ALL DAYS,219,-29.731607,151.710587,242
91078,Gwydir Highway,Warialda,EASTBOUND AND WESTBOUND,HEAVY VEHICLES,2011,ALL DAYS,156,-29.547243,150.552094,172
91117,Newell Highway,Moree,NORTHBOUND AND SOUTHBOUND,HEAVY VEHICLES,2008,ALL DAYS,894,-29.185678,150.009522,1017
91119,Gwydir Highway,Bullarah,EASTBOUND AND WESTBOUND,HEAVY VEHICLES,2009,ALL DAYS,111,-29.458334,149.172317,125
91122,Phelhampton Crescent,Jennings,NORTHBOUND AND SOUTHBOUND,HEAVY VEHICLES,2012,ALL DAYS,430,-28.92605,151.928467,470
91162,Bruxner Highway,Tabulam,EASTBOUND AND WESTBOUND,HEAVY VEHICLES,2012,ALL DAYS,78,-28.889633,152.511948,85
91170,Bruxner Way,Mingoola,EASTBOUND AND WESTBOUND,HEAVY VEHICLES,2011,ALL DAYS,48,-29.006794,151.534241,53
91179,Killarney Road,Legume,NORTHBOUND AND SOUTHBOUND,HEAVY VEHICLES,2011,ALL DAYS,53,-28.398598,152.308502,59
91190,New England Highway,Dundee,NORTHBOUND AND SOUTHBOUND,HEAVY VEHICLES,2007,ALL DAYS,415,-29.56608,151.865555,477
91205,Bundarra Road,Gilgai,NORTHBOUND AND SOUTHBOUND,HEAVY VEHICLES,2008,ALL DAYS,152,-29.847488,151.118133,173
91254,Allan Cunningham Road,Gineroi,NORTHBOUND AND SOUTHBOUND,HEAVY VEHICLES,2012,ALL DAYS,49,-29.699936,150.532974,54
91259,Gwydir Highway,Rob Roy,EASTBOUND AND WESTBOUND,HEAVY VEHICLES,2011,ALL DAYS,241,-29.733454,150.987671,266
91295,Guyra Road,Brockley,EASTBOUND AND WESTBOUND,HEAVY VEHICLES,2011,ALL DAYS,37,-30.249468,151.875717,41
91322,Carnarvon Highway,Ashley,EASTBOUND AND WESTBOUND,HEAVY VEHICLES,2009,ALL DAYS,113,-29.196751,149.737976,127
91341,Gwydir Highway,Biniguy,EASTBOUND AND WESTBOUND,HEAVY VEHICLES,2006,ALL DAYS,131,-29.529783,150.197525,152
91431,Falconer Street,South Guyra,NORTHBOUND AND SOUTHBOUND,HEAVY VEHICLES,2011,ALL DAYS,541,-30.24276,151.669968,598
91439,New England Highway,Glen Innes,NORTHBOUND AND SOUTHBOUND,HEAVY VEHICLES,2011,ALL DAYS,543,-29.755196,151.73494,600
91443,Church Street,Glen Innes,NORTHBOUND AND SOUTHBOUND,HEAVY VEHICLES,2011,ALL DAYS,453,-29.725782,151.740341,500
91506,Bruxner Highway,Boggabilla,EASTBOUND AND WESTBOUND,HEAVY VEHICLES,2009,ALL DAYS,104,-28.617474,150.365082,117
91544,Mount Lindesay Road,Tenterfield,NORTHBOUND AND SOUTHBOUND,HEAVY VEHICLES,2011,ALL DAYS,69,-29.032579,152.031967,76
91577,New England Highway,Tenterfield,NORTHBOUND AND SOUTHBOUND,HEAVY VEHICLES,2011,ALL DAYS,621,-29.038141,152.00679,686
91591,Warialda Road,Warialda,NORTHBOUND AND SOUTHBOUND,HEAVY VEHICLES,2008,ALL DAYS,70,-29.525082,150.578217,80
91594,Gwydir Highway,Swan Vale,EASTBOUND AND WESTBOUND,HEAVY VEHICLES,2008,ALL DAYS,144,-29.7714,151.435501,164
91606,New England Highway,Glencoe,NORTHBOUND AND SOUTHBOUND,HEAVY VEHICLES,2012,ALL DAYS,389,-30.006659,151.715042,425
92001,New England Highway,Calala,NORTHBOUND AND SOUTHBOUND,HEAVY VEHICLES,2011,ALL DAYS,680,-31.172205,150.920029,751
92002,Oxley Highway,Wallamore,EASTBOUND AND WESTBOUND,HEAVY VEHICLES,2011,ALL DAYS,445,-31.035707,150.816406,492
92031,New England Highway,Murrurundi,NORTHBOUND AND SOUTHBOUND,HEAVY VEHICLES,2008,ALL DAYS,988,-31.775192,150.875458,1124
92033,New England Highway,Moonbi,NORTHBOUND AND SOUTHBOUND,HEAVY VEHICLES,2012,ALL DAYS,722,-31.015482,151.076965,790
92034,New England Highway,Bendemeer,NORTHBOUND AND SOUTHBOUND,HEAVY VEHICLES,2011,ALL DAYS,626,-30.899273,151.150879,691
92043,New England Highway,Willow Tree,NORTHBOUND AND SOUTHBOUND,HEAVY VEHICLES,2011,ALL DAYS,501,-31.627665,150.729691,553
92052,Oxley Highway,Milroy,EASTBOUND AND WESTBOUND,HEAVY VEHICLES,2011,ALL DAYS,176,-31.024839,150.061172,194
92055,Oxley Highway,Nombi,EASTBOUND AND WESTBOUND,HEAVY VEHICLES,2011,ALL DAYS,93,-31.098509,149.897492,103
92057,New England Highway,Kentucky,NORTHBOUND AND SOUTHBOUND,HEAVY VEHICLES,2007,ALL DAYS,491,-30.753918,151.382568,564
92060,New England Highway,Arding,NORTHBOUND AND SOUTHBOUND,HEAVY VEHICLES,2011,ALL DAYS,594,-30.568075,151.574692,656
92065,New England Highway,Armidale,NORTHBOUND AND SOUTHBOUND,HEAVY VEHICLES,2011,ALL DAYS,367,-30.464857,151.680847,405
92077,Newell Highway,Coonabarabran,EASTBOUND AND WESTBOUND,HEAVY VEHICLES,2009,ALL DAYS,788,-31.248814,149.306671,888
92084,Newell Highway,Wattle Springs,NORTHBOUND AND SOUTHBOUND,HEAVY VEHICLES,2009,ALL DAYS,779,-31.336378,149.299652,878
92102,New England Highway,Willow Tree,NORTHBOUND AND SOUTHBOUND,HEAVY VEHICLES,2008,ALL DAYS,865,-31.698866,150.773956,984
92112,Gundy Road,Scone,EASTBOUND AND WESTBOUND,HEAVY VEHICLES,2007,ALL DAYS,98,-32.058128,150.880936,113
92162,Kamilaroi Highway,Curlewis,NORTHBOUND AND SOUTHBOUND,HEAVY VEHICLES,2007,ALL DAYS,290,-31.120811,150.272049,333
92175,Armidale Road,Nemingha,EASTBOUND AND WESTBOUND,HEAVY VEHICLES,2007,ALL DAYS,878,-31.12425,150.977859,1009
92187,Manilla Road,Red Hill,NORTHBOUND AND SOUTHBOUND,HEAVY VEHICLES,2008,ALL DAYS,97,-30.54414,150.61171,110
92225,Kamilaroi Highway,Merah North,EASTBOUND AND WESTBOUND,HEAVY VEHICLES,2009,ALL DAYS,101,-30.181841,149.292786,114
92247,Mendooran Road,Mollyan,NORTHBOUND AND SOUTHBOUND,HEAVY VEHICLES,2009,ALL DAYS,78,-31.58238,149.22644,88
92277,Golden Highway,Merriwa,EASTBOUND AND WESTBOUND,HEAVY VEHICLES,2007,ALL DAYS,245,-32.129383,150.269196,282
92280,Merriwa Road,Gungal,EASTBOUND AND WESTBOUND,HEAVY VEHICLES,2008,ALL DAYS,254,-32.276932,150.509964,289
92289,Kamilaroi Highway,Narrabri,EASTBOUND AND WESTBOUND,HEAVY VEHICLES,2011,ALL DAYS,362,-30.382442,149.795624,400
92294,Kamilaroi Highway,Emerald Hill,NORTHBOUND AND SOUTHBOUND,HEAVY VEHICLES,2007,ALL DAYS,296,-30.858047,150.14624,340
92302,Oxley Highway,Rocky Glen,EASTBOUND AND WESTBOUND,HEAVY VEHICLES,2009,ALL DAYS,88,-31.120571,149.635513,99
92320,Bunnan Road,Bunnan,EASTBOUND AND WESTBOUND,HEAVY VEHICLES,2007,ALL DAYS,34,-32.033699,150.584854,39
92323,New England Highway,Goonoo Goonoo,NORTHBOUND AND SOUTHBOUND,HEAVY VEHICLES,2011,ALL DAYS,561,-31.280041,150.906799,620
92344,Werris Creek Road,Currabubula,NORTHBOUND AND SOUTHBOUND,HEAVY VEHICLES,2012,ALL DAYS,261,-31.288139,150.680405,285
92348,Kamilaroi Highway,Breeza,NORTHBOUND AND SOUTHBOUND,HEAVY VEHICLES,2008,ALL DAYS,236,-31.356712,150.518753,269
92350,Kamilaroi Highway,Braefield,NORTHBOUND AND SOUTHBOUND,HEAVY VEHICLES,2007,ALL DAYS,403,-31.581276,150.700256,463
92394,Grafton Road,Metz,EASTBOUND AND WESTBOUND,HEAVY VEHICLES,2012,ALL DAYS,80,-30.544332,151.799316,87
92460,Golden Highway,Merriwa,EASTBOUND AND WESTBOUND,HEAVY VEHICLES,2007,ALL DAYS,301,-32.141113,150.366684,346
92488,Liverpool Street,Scone,EASTBOUND AND WESTBOUND,HEAVY VEHICLES,2008,ALL DAYS,318,-32.048775,150.852386,362
92505,Thunderbolts Way,Uralla,NORTHBOUND AND SOUTHBOUND,HEAVY VEHICLES,2011,ALL DAYS,78,-30.633221,151.499878,86
92546,Waterfall Way,Ebor,EASTBOUND AND WESTBOUND,HEAVY VEHICLES,2007,ALL DAYS,100,-30.421328,152.329956,115
92653,Scott Road,South Tamworth,NORTHBOUND AND SOUTHBOUND,HEAVY VEHICLES,2011,ALL DAYS,544,-31.109468,150.929977,601
92695,Fitzroy Street,Walcha,EASTBOUND AND WESTBOUND,HEAVY VEHICLES,2011,ALL DAYS,108,-30.983658,151.581192,119
92701,Oxley Highway,Walcha,EASTBOUND AND WESTBOUND,HEAVY VEHICLES,2011,ALL DAYS,95,-30.986521,151.604889,105
92725,Newell Highway,Narrabri,NORTHBOUND AND SOUTHBOUND,HEAVY VEHICLES,2008,ALL DAYS,1199,-30.311853,149.777725,1365
92732,Kamilaroi Highway,Narrabri,EASTBOUND AND WESTBOUND,HEAVY VEHICLES,2012,ALL DAYS,194,-30.206003,149.587982,212
92745,Castlereagh Highway,Mendooran,EASTBOUND AND WESTBOUND,HEAVY VEHICLES,2009,ALL DAYS,87,-31.829643,149.173477,98
92747,Golden Highway,Leadville,EASTBOUND AND WESTBOUND,HEAVY VEHICLES,2009,ALL DAYS,125,-32.080814,149.648331,141
92757,New England Highway,Tintinhull,NORTHBOUND AND SOUTHBOUND,HEAVY VEHICLES,2011,ALL DAYS,744,-31.083788,151.019974,822
92758,Oxley Highway,Doyles River,EASTBOUND AND WESTBOUND,HEAVY VEHICLES,2011,ALL DAYS,45,-31.397959,152.080353,50
92760,New England Highway,Armidale,NORTHBOUND AND SOUTHBOUND,HEAVY VEHICLES,2011,ALL DAYS,387,-30.526394,151.625183,427
93001,Wellington Road,Dubbo,EASTBOUND AND WESTBOUND,HEAVY VEHICLES,2009,ALL DAYS,638,-32.25935,148.64534,719
93002,Newell Highway,Parkes,NORTHBOUND AND SOUTHBOUND,HEAVY VEHICLES,2009,ALL DAYS,864,-33.110325,148.174591,974
93036,Mitchell Highway,Maryvale,NORTHBOUND AND SOUTHBOUND,HEAVY VEHICLES,2009,ALL DAYS,560,-32.526669,148.931229,631
93046,Newell Highway,Dubbo,NORTHBOUND AND SOUTHBOUND,HEAVY VEHICLES,2009,ALL DAYS,1008,-32.260101,148.585922,1136
93090,Mitchell Highway,Lucknow,EASTBOUND AND WESTBOUND,HEAVY VEHICLES,2008,ALL DAYS,990,-33.362549,149.177856,1127
93093,Mitchell Highway,Orange,EASTBOUND AND WESTBOUND,HEAVY VEHICLES,2006,ALL DAYS,135,-33.249622,149.068283,157
93101,Mid Western Highway,Lyndhurst,EASTBOUND AND WESTBOUND,HEAVY VEHICLES,2009,ALL DAYS,291,-33.674461,149.000809,328
93143,Newell Highway,Gilgandra,NORTHBOUND AND SOUTHBOUND,HEAVY VEHICLES,2009,ALL DAYS,818,-31.711691,148.676804,922
93144,Castlereagh Highway,Gilgandra,EASTBOUND AND WESTBOUND,HEAVY VEHICLES,2009,ALL DAYS,65,-31.712261,148.676971,73
93147,Castlereagh Highway,Gilgandra,NORTHBOUND AND SOUTHBOUND,HEAVY VEHICLES,2009,ALL DAYS,157,-31.679592,148.646408,177
93153,Castlereagh Highway,Armatree,NORTHBOUND AND SOUTHBOUND,HEAVY VEHICLES,2009,ALL DAYS,128,-31.386402,148.507187,144
93163,Mitchell Highway,Apsley,NORTHBOUND AND SOUTHBOUND,HEAVY VEHICLES,2009,ALL DAYS,619,-32.586376,148.953293,698
93237,Henry Parkes Way,Manildra,EASTBOUND AND WESTBOUND,HEAVY VEHICLES,2009,ALL DAYS,169,-33.189911,148.496414,190
93238,Henry Parkes Way,Parkes,EASTBOUND AND WESTBOUND,HEAVY VEHICLES,2009,ALL DAYS,221,-33.14275,148.207077,249
93352,Newell Highway,Dubbo,NORTHBOUND AND SOUTHBOUND,HEAVY VEHICLES,2009,ALL DAYS,1127,-32.203632,148.619507,1270
93409,Canowindra Road,Canowindra,NORTHBOUND AND SOUTHBOUND,HEAVY VEHICLES,2009,ALL DAYS,164,-33.649349,148.664551,185
93677,Newell Highway,Gilgandra,EASTBOUND AND WESTBOUND,HEAVY VEHICLES,2009,ALL DAYS,844,-31.71352,148.666931,951
93810,Newell Highway,Forbes,NORTHBOUND AND SOUTHBOUND,HEAVY VEHICLES,2009,ALL DAYS,897,-33.397568,147.990463,1011
93828,Mitchell Highway,Wongarbon,NORTHBOUND AND SOUTHBOUND,HEAVY VEHICLES,2008,ALL DAYS,495,-32.343056,148.768646,563
93859,The Escort Way,Borenore,EASTBOUND AND WESTBOUND,HEAVY VEHICLES,2009,ALL DAYS,347,-33.267632,149.02533,391
93872,Newell Highway,Eumungerie,NORTHBOUND AND SOUTHBOUND,HEAVY VEHICLES,2009,ALL DAYS,879,-31.91156,148.620712,990
93895,Mid Western Highway,Woodstock,EASTBOUND AND WESTBOUND,HEAVY VEHICLES,2009,ALL DAYS,295,-33.713688,148.841919,332
93903,The Escort Way,Boree,EASTBOUND AND WESTBOUND,HEAVY VEHICLES,2009,ALL DAYS,416,-33.235401,148.832733,469
94024,Yass Valley Way,Manton,EASTBOUND AND WESTBOUND,HEAVY VEHICLES,2010,ALL DAYS,318,-34.867035,148.956513,355
94026,Yass Valley Way,Manton,EASTBOUND AND WESTBOUND,HEAVY VEHICLES,2006,ALL DAYS,77,-34.864609,148.978989,89
94052,Coolac Road,Coolac,NORTHBOUND AND SOUTHBOUND,HEAVY VEHICLES,2006,ALL DAYS,2487,-34.912739,148.168076,2887
94061,Snowy Mountains Highway,Mount Adrah,EASTBOUND AND WESTBOUND,HEAVY VEHICLES,2011,ALL DAYS,220,-35.185589,147.878983,243
94073,Sutton Street,Cootamundra,EASTBOUND AND WESTBOUND,HEAVY VEHICLES,2011,ALL DAYS,244,-34.652634,148.015045,270
94077,Olympic Highway,Wallendbeen,NORTHBOUND AND SOUTHBOUND,HEAVY VEHICLES,2010,ALL DAYS,201,-34.519371,148.164276,224
94078,Olympic Highway,Young,NORTHBOUND AND SOUTHBOUND,HEAVY VEHICLES,2010,ALL DAYS,296,-34.328087,148.287643,330
94091,Lachlan Valley Way,Boorowa,NORTHBOUND AND SOUTHBOUND,HEAVY VEHICLES,2006,ALL DAYS,133,-34.425968,148.697754,154
94093,Cunningar Road,Boorowa,EASTBOUND AND WESTBOUND,HEAVY VEHICLES,2010,ALL DAYS,42,-34.465618,148.694977,47
94095,Burley Griffin Way,Cunningar,EASTBOUND AND WESTBOUND,HEAVY VEHICLES,2010,ALL DAYS,283,-34.568203,148.422897,316
94096,Cunningar Road,Cunningar,EASTBOUND AND WESTBOUND,HEAVY VEHICLES,2010,ALL DAYS,28,-34.552769,148.425522,31
94100,Burley Griffin Way,Murrumburrah,EASTBOUND AND WESTBOUND,HEAVY VEHICLES,2010,ALL DAYS,253,-34.539425,148.323318,282
94103,Henry Lawson Way,Young,NORTHBOUND AND SOUTHBOUND,HEAVY VEHICLES,2011,ALL DAYS,149,-34.26141,148.267013,165
94104,Milvale Road,Memagong,EASTBOUND AND WESTBOUND,HEAVY VEHICLES,2012,ALL DAYS,115,-34.299564,148.230026,126
94105,Olympic Highway,Wombat,NORTHBOUND AND SOUTHBOUND,HEAVY VEHICLES,2007,ALL DAYS,255,-34.414322,148.248459,293
94110,West Street,Stockinbingal,EASTBOUND AND WESTBOUND,HEAVY VEHICLES,2006,ALL DAYS,190,-34.500065,147.872894,221
94111,Stockinbingal Road,Stockinbingal,NORTHBOUND AND SOUTHBOUND,HEAVY VEHICLES,2011,ALL DAYS,66,-34.51049,147.898285,73
94145,Kings Highway,Carwoola,EASTBOUND AND WESTBOUND,HEAVY VEHICLES,2008,ALL DAYS,415,-35.339401,149.311569,472
94146,Captains Flat Road,Carwoola,NORTHBOUND AND SOUTHBOUND,HEAVY VEHICLES,2008,ALL DAYS,113,-35.355812,149.27124,129
94170,Grabben Gullen Road,Gunning,NORTHBOUND AND SOUTHBOUND,HEAVY VEHICLES,2008,ALL DAYS,39,-34.76387,149.285614,44
94174,Nangus Road,Nangus,EASTBOUND AND WESTBOUND,HEAVY VEHICLES,2011,ALL DAYS,38,-35.087337,148.042816,42
94176,Gocup Road,South Gundagai,NORTHBOUND AND SOUTHBOUND,HEAVY VEHICLES,2011,ALL DAYS,270,-35.118927,148.10054,298
94184,Barton Highway,Wallaroo,NORTHBOUND AND SOUTHBOUND,HEAVY VEHICLES,2010,ALL DAYS,946,-35.158669,149.061523,1055
94222,Lachlan Valley Way,Koorawatha,NORTHBOUND AND SOUTHBOUND,HEAVY VEHICLES,2010,ALL DAYS,140,-34.071411,148.732193,156
94225,Sutton Road,Sutton,NORTHBOUND AND SOUTHBOUND,HEAVY VEHICLES,2008,ALL DAYS,119,-35.167866,149.253357,135
94227,Gundaroo Road,Lade Vale,NORTHBOUND AND SOUTHBOUND,HEAVY VEHICLES,2008,ALL DAYS,34,-34.851803,149.244156,39
94245,Dalton Road,Dalton,NORTHBOUND AND SOUTHBOUND,HEAVY VEHICLES,2008,ALL DAYS,15,-34.730106,149.187088,17
94260,Olympic Highway,Young,NORTHBOUND AND SOUTHBOUND,HEAVY VEHICLES,2010,ALL DAYS,215,-34.28100204,148.3635712,240
94264,Henry Lawson Way,Grenfell,NORTHBOUND AND SOUTHBOUND,HEAVY VEHICLES,2010,ALL DAYS,66,-34.054626,148.236755,74
94270,Muttama Road,Cootamundra,NORTHBOUND AND SOUTHBOUND,HEAVY VEHICLES,2011,ALL DAYS,176,-34.721787,148.046356,194
94271,Murringo Road,Boorowa,NORTHBOUND AND SOUTHBOUND,HEAVY VEHICLES,2007,ALL DAYS,262,-34.434212,148.712891,301
94290,Willis Street,Crookwell,NORTHBOUND AND SOUTHBOUND,HEAVY VEHICLES,2008,ALL DAYS,40,-34.456364,149.453873,46
94296,Goulburn Street,Crookwell,NORTHBOUND AND SOUTHBOUND,HEAVY VEHICLES,2008,ALL DAYS,100,-34.464546,149.478699,114
94342,Albury Street,Harden,EASTBOUND AND WESTBOUND,HEAVY VEHICLES,2010,ALL DAYS,358,-34.558098,148.379456,399
94366,Wee Jasper Road,Yass,NORTHBOUND AND SOUTHBOUND,HEAVY VEHICLES,2006,ALL DAYS,52,-34.859917,148.916382,60
94445,Barton Highway,Murrumbateman,NORTHBOUND AND SOUTHBOUND,HEAVY VEHICLES,2010,ALL DAYS,796,-34.982334,149.025269,888
94453,Nerriga Road,Braidwood,NORTHBOUND AND SOUTHBOUND,HEAVY VEHICLES,2008,ALL DAYS,36,-35.413334,149.810486,41
94455,Junction Point Road,Crooked Corner,NORTHBOUND AND SOUTHBOUND,HEAVY VEHICLES,2008,ALL DAYS,16,-34.239105,149.338043,18
94470,Tarago Road,Lake George,EASTBOUND AND WESTBOUND,HEAVY VEHICLES,2008,ALL DAYS,57,-35.188198,149.540726,65
94472,Victoria Street,Goulburn,NORTHBOUND AND SOUTHBOUND,HEAVY VEHICLES,2008,ALL DAYS,315,-34.737209,149.724121,358
94476,Olympic Highway,Wallendbeen,NORTHBOUND AND SOUTHBOUND,HEAVY VEHICLES,2010,ALL DAYS,321,-34.561783,148.128342,358
94479,Bungendore Road,Bywong,EASTBOUND AND WESTBOUND,HEAVY VEHICLES,2008,ALL DAYS,63,-35.15517,149.339096,72
94484,Kings Highway,Braidwood,EASTBOUND AND WESTBOUND,HEAVY VEHICLES,2008,ALL DAYS,157,-35.450745,149.814087,179
94487,Gundagai Road,Cootamundra,NORTHBOUND AND SOUTHBOUND,HEAVY VEHICLES,2012,ALL DAYS,201,-34.653706,148.034058,220
94488,Laggan Road,Crookwell,EASTBOUND AND WESTBOUND,HEAVY VEHICLES,2008,ALL DAYS,50,-34.444576,149.481934,57
94495,Braidwood Road,Goulburn,NORTHBOUND AND SOUTHBOUND,HEAVY VEHICLES,2008,ALL DAYS,146,-34.771706,149.712036,166
94499,Collector Road,Gunning,NORTHBOUND AND SOUTHBOUND,HEAVY VEHICLES,2008,ALL DAYS,52,-34.788914,149.273224,59
94500,Gundaroo Road,Gunning,NORTHBOUND AND SOUTHBOUND,HEAVY VEHICLES,2008,ALL DAYS,37,-34.79076,149.253738,42
94501,Dalton Road,Gunning,EASTBOUND AND WESTBOUND,HEAVY VEHICLES,2008,ALL DAYS,19,-34.777737,149.256027,22
94502,Jugiong Road,Murrumburrah,NORTHBOUND AND SOUTHBOUND,HEAVY VEHICLES,2010,ALL DAYS,83,-34.570393,148.354233,93
94508,Kings Highway,Larbert,NORTHBOUND AND SOUTHBOUND,HEAVY VEHICLES,2008,ALL DAYS,228,-35.342522,149.738113,259
94509,Braidwood Road,Mount Fairy,NORTHBOUND AND SOUTHBOUND,HEAVY VEHICLES,2008,ALL DAYS,64,-35.12981,149.656128,73
94511,Lachlan Valley Way,Bowning,NORTHBOUND AND SOUTHBOUND,HEAVY VEHICLES,2012,ALL DAYS,249,-34.663414,148.818375,272
94512,Murringo Road,Boorowa,EASTBOUND AND WESTBOUND,HEAVY VEHICLES,2010,ALL DAYS,82,-34.378304,148.597214,91
94514,Burley Griffin Way,Cootamundra,EASTBOUND AND WESTBOUND,HEAVY VEHICLES,2010,ALL DAYS,153,-34.50581,148.052261,171
94803,Taralga Road,Tarlo,NORTHBOUND AND SOUTHBOUND,HEAVY VEHICLES,2008,ALL DAYS,67,-34.606853,149.801086,76
94805,Queen Street,Binda,NORTHBOUND AND SOUTHBOUND,HEAVY VEHICLES,2008,ALL DAYS,41,-34.335678,149.368362,47
94807,Cooma Road,Bendoura,EASTBOUND AND WESTBOUND,HEAVY VEHICLES,2006,ALL DAYS,21,-35.550861,149.649353,24
94808,Macs Reef Road,Bywong,EASTBOUND AND WESTBOUND,HEAVY VEHICLES,2008,ALL DAYS,150,-35.184681,149.29776,171
95021,Sturt Highway,Darlington Point,EASTBOUND AND WESTBOUND,HEAVY VEHICLES,2010,ALL DAYS,331,-34.675236,146.218658,369
95030,Sturt Highway,Tarcutta,EASTBOUND AND WESTBOUND,HEAVY VEHICLES,2010,ALL DAYS,801,-35.218132,147.780441,894
95033,Hume Highway,Little Billabong,NORTHBOUND AND SOUTHBOUND,HEAVY VEHICLES,2010,ALL DAYS,1919,-35.580139,147.532364,2141
95042,Riverina Highway,Splitters Creek,EASTBOUND AND WESTBOUND,HEAVY VEHICLES,2010,ALL DAYS,104,-36.060165,146.837402,116
95045,Riverina Highway,Howlong,EASTBOUND AND WESTBOUND,HEAVY VEHICLES,2010,ALL DAYS,131,-35.966591,146.599655,146
95048,Riverina Highway,Hopefield,EASTBOUND AND WESTBOUND,HEAVY VEHICLES,2010,ALL DAYS,220,-35.946468,146.42334,245
95051,Riverina Highway,Hopefield,NORTHBOUND AND SOUTHBOUND,HEAVY VEHICLES,2011,ALL DAYS,245,-35.94038,146.413803,271
95060,Sturt Highway,Forest Hill,EASTBOUND AND WESTBOUND,HEAVY VEHICLES,2010,ALL DAYS,950,-35.152481,147.476913,1060
95062,Sturt Highway,Ashmont,EASTBOUND AND WESTBOUND,HEAVY VEHICLES,2011,ALL DAYS,1310,-35.122372,147.325088,1447
95064,Sturt Highway,Moorong,EASTBOUND AND WESTBOUND,HEAVY VEHICLES,2010,ALL DAYS,614,-35.123631,147.308487,685
95065,Olympic Highway,Moorong,NORTHBOUND AND SOUTHBOUND,HEAVY VEHICLES,2010,ALL DAYS,620,-35.129936,147.315399,692
95066,Sturt Highway,Collingullie,EASTBOUND AND WESTBOUND,HEAVY VEHICLES,2006,ALL DAYS,638,-35.090866,147.138534,741
95070,Sturt Highway,Collingullie,EASTBOUND AND WESTBOUND,HEAVY VEHICLES,2006,ALL DAYS,455,-35.079506,147.100006,528
95072,Sturt Highway,Galore,EASTBOUND AND WESTBOUND,HEAVY VEHICLES,2010,ALL DAYS,489,-34.990955,146.7426,546
95073,Sturt Highway,Gillenbah,EASTBOUND AND WESTBOUND,HEAVY VEHICLES,2011,ALL DAYS,646,-34.763397,146.54335,714
95077,Newell Highway,Gillenbah,NORTHBOUND AND SOUTHBOUND,HEAVY VEHICLES,2011,ALL DAYS,489,-34.763302,146.534622,540
95078,Sturt Highway,Gillenbah,EASTBOUND AND WESTBOUND,HEAVY VEHICLES,2010,ALL DAYS,330,-34.762707,146.534653,368
95079,Newell Highway,Morundah,NORTHBOUND AND SOUTHBOUND,HEAVY VEHICLES,2010,ALL DAYS,487,-34.929657,146.317154,543
95081,Newell Highway,Narrandera,EASTBOUND AND WESTBOUND,HEAVY VEHICLES,2007,ALL DAYS,548,-34.738258,146.578354,630
95083,Newell Highway,Grong Grong,NORTHBOUND AND SOUTHBOUND,HEAVY VEHICLES,2010,ALL DAYS,527,-34.728039,146.783066,588
95084,Newell Highway,Ardlethan,NORTHBOUND AND SOUTHBOUND,HEAVY VEHICLES,2010,ALL DAYS,501,-34.411903,146.874725,559
95085,Newell Highway,Ardlethan,NORTHBOUND AND SOUTHBOUND,HEAVY VEHICLES,2010,ALL DAYS,540,-34.401379,146.887878,602
95087,Newell Highway,Beckom,EASTBOUND AND WESTBOUND,HEAVY VEHICLES,2006,ALL DAYS,617,-34.343903,147.075897,716
95090,Newell Highway,Caragabal,NORTHBOUND AND SOUTHBOUND,HEAVY VEHICLES,2010,ALL DAYS,716,-33.76149,147.521133,799
95093,Mid Western Highway,West Wyalong,EASTBOUND AND WESTBOUND,HEAVY VEHICLES,2006,ALL DAYS,135,-33.913654,147.170181,157
95098,Newell Highway,Mirrool,NORTHBOUND AND SOUTHBOUND,HEAVY VEHICLES,2010,ALL DAYS,466,-34.309448,147.090439,520
95104,Snowy Mountains Highway,Tumut,NORTHBOUND AND SOUTHBOUND,HEAVY VEHICLES,2010,ALL DAYS,96,-35.327759,148.23764,107
95107,Batlow Road,Gilmore,NORTHBOUND AND SOUTHBOUND,HEAVY VEHICLES,2011,ALL DAYS,244,-35.344528,148.167923,270
95108,Snowy Mountains Highway,Gadara,EASTBOUND AND WESTBOUND,HEAVY VEHICLES,2011,ALL DAYS,569,-35.330109,148.164673,629
95133,Olympic Highway,Table Top,NORTHBOUND AND SOUTHBOUND,HEAVY VEHICLES,2010,ALL DAYS,119,-35.918716,147.001556,133
95137,Olympic Highway,Brucedale,NORTHBOUND AND SOUTHBOUND,HEAVY VEHICLES,2011,ALL DAYS,454,-35.019356,147.417313,501
95138,Olympic Highway,Yathella,NORTHBOUND AND SOUTHBOUND,HEAVY VEHICLES,2010,ALL DAYS,398,-34.874378,147.498596,444
95140,Olympic Highway,Old Junee,EASTBOUND AND WESTBOUND,HEAVY VEHICLES,2011,ALL DAYS,69,-34.866169,147.512405,76
95141,Olympic Highway,Junee,NORTHBOUND AND SOUTHBOUND,HEAVY VEHICLES,2010,ALL DAYS,237,-34.854855,147.586655,264
95149,Goldfields Way,Barmedman,NORTHBOUND AND SOUTHBOUND,HEAVY VEHICLES,2006,ALL DAYS,288,-34.030842,147.31752,334
95151,Goldfields Way,Barmedman,NORTHBOUND AND SOUTHBOUND,HEAVY VEHICLES,2010,ALL DAYS,271,-34.154148,147.388718,302
95154,Goldfields Way,Temora,NORTHBOUND AND SOUTHBOUND,HEAVY VEHICLES,2007,ALL DAYS,272,-34.43811,147.529999,313
95163,Goldfields Way,Old Junee,NORTHBOUND AND SOUTHBOUND,HEAVY VEHICLES,2011,ALL DAYS,359,-34.81559,147.532242,397
95174,Sturt Highway,Forest Hill,EASTBOUND AND WESTBOUND,HEAVY VEHICLES,2011,ALL DAYS,1140,-35.143894,147.457504,1259
95176,Holbrook Road,Rowan,NORTHBOUND AND SOUTHBOUND,HEAVY VEHICLES,2007,ALL DAYS,70,-35.19231,147.328308,80
95186,Gocup Road,Tumut,NORTHBOUND AND SOUTHBOUND,HEAVY VEHICLES,2011,ALL DAYS,275,-35.288662,148.207947,304
95188,Grahamstown Road,Adelong,NORTHBOUND AND SOUTHBOUND,HEAVY VEHICLES,2010,ALL DAYS,52,-35.301952,148.056839,58
95190,Wondalga Road,Wondalga,NORTHBOUND AND SOUTHBOUND,HEAVY VEHICLES,2010,ALL DAYS,129,-35.395973,148.110474,144
95191,Batlow Road,Batlow,NORTHBOUND AND SOUTHBOUND,HEAVY VEHICLES,2011,ALL DAYS,132,-35.495914,148.151977,146
95195,Wagga Road,Tumbarumba,NORTHBOUND AND SOUTHBOUND,HEAVY VEHICLES,2012,ALL DAYS,142,-35.768288,147.963791,155
95202,Mundowy Lane,Collingullie,NORTHBOUND AND SOUTHBOUND,HEAVY VEHICLES,2010,ALL DAYS,27,-35.069973,147.111801,30
95204,Lockhart Road,Belfrayden,EASTBOUND AND WESTBOUND,HEAVY VEHICLES,2011,ALL DAYS,149,-35.116753,147.053848,165
95208,Urana Street,Lockhart,NORTHBOUND AND SOUTHBOUND,HEAVY VEHICLES,2006,ALL DAYS,63,-35.224461,146.711258,73
95211,Brookong Creek Road,Urana,NORTHBOUND AND SOUTHBOUND,HEAVY VEHICLES,2010,ALL DAYS,167,-35.3344,146.271027,186
95224,Lake Road,Girral,EASTBOUND AND WESTBOUND,HEAVY VEHICLES,2010,ALL DAYS,36,-33.695034,147.066223,40
95227,Newell Highway,Ardlethan,NORTHBOUND AND SOUTHBOUND,HEAVY VEHICLES,2010,ALL DAYS,591,-34.355953,146.913406,659
95231,Ardlethan Road,Ardlethan,NORTHBOUND AND SOUTHBOUND,HEAVY VEHICLES,2010,ALL DAYS,53,-34.417034,146.886871,59
95233,Canola Way,Grong Grong,EASTBOUND AND WESTBOUND,HEAVY VEHICLES,2011,ALL DAYS,90,-34.742561,146.796295,99
95240,Irrigation Way,Leeton,EASTBOUND AND WESTBOUND,HEAVY VEHICLES,2011,ALL DAYS,435,-34.540688,146.369308,481
95244,Irrigation Way,Widgelli,NORTHBOUND AND SOUTHBOUND,HEAVY VEHICLES,2010,ALL DAYS,163,-34.353817,146.214874,182
95246,Irrigation Way,Widgelli,EASTBOUND AND WESTBOUND,HEAVY VEHICLES,2010,ALL DAYS,155,-34.332764,146.145615,173
95255,Kidman Way,Tabbita,NORTHBOUND AND SOUTHBOUND,HEAVY VEHICLES,2010,ALL DAYS,105,-34.110081,145.854813,117
95269,Milvale Road,Milvale,EASTBOUND AND WESTBOUND,HEAVY VEHICLES,2012,ALL DAYS,83,-34.309788,147.81366,91
95271,Tumbarumba Road,Alfredtown,NORTHBOUND AND SOUTHBOUND,HEAVY VEHICLES,2010,ALL DAYS,81,-35.17194,147.515549,90
95281,Mid Western Highway,Weethalle,EASTBOUND AND WESTBOUND,HEAVY VEHICLES,2010,ALL DAYS,109,-33.883633,146.684067,122
95289,Tallimba Road,West Wyalong,EASTBOUND AND WESTBOUND,HEAVY VEHICLES,2012,ALL DAYS,514,-33.928139,147.176712,562
95299,Burley Griffin Way,Ardlethan,EASTBOUND AND WESTBOUND,HEAVY VEHICLES,2010,ALL DAYS,180,-34.356014,146.88974,201
95301,Coolamon Road,Coolamon,NORTHBOUND AND SOUTHBOUND,HEAVY VEHICLES,2011,ALL DAYS,129,-34.890312,147.26326,142
95302,Burley Griffin Way,Barellan,EASTBOUND AND WESTBOUND,HEAVY VEHICLES,2010,ALL DAYS,202,-34.278732,146.551498,225
95306,Gundagai Road,Eurongilly,EASTBOUND AND WESTBOUND,HEAVY VEHICLES,2010,ALL DAYS,28,-34.981071,147.836288,31
95308,Irrigation Way,Cudgel,EASTBOUND AND WESTBOUND,HEAVY VEHICLES,2010,ALL DAYS,297,-34.691673,146.489822,331
95309,Rankins Springs Road,Myall Park,NORTHBOUND AND SOUTHBOUND,HEAVY VEHICLES,2010,ALL DAYS,61,-34.127449,146.107574,68
95317,Kidman Way,Willbriggie,NORTHBOUND AND SOUTHBOUND,HEAVY VEHICLES,2010,ALL DAYS,252,-34.465817,146.016357,281
95326,Lockhart Road,Galore,NORTHBOUND AND SOUTHBOUND,HEAVY VEHICLES,2010,ALL DAYS,75,-35.005516,146.752686,84
95335,Cocketgedong Road,Urana,EASTBOUND AND WESTBOUND,HEAVY VEHICLES,2011,ALL DAYS,65,-35.333248,146.245651,72
95336,Urana-Lockhart Road,Lockhart,EASTBOUND AND WESTBOUND,HEAVY VEHICLES,2011,ALL DAYS,111,-35.242031,146.668549,123
95338,Munyaplah Boundary Road,Walbundrie,NORTHBOUND AND SOUTHBOUND,HEAVY VEHICLES,2010,ALL DAYS,54,-35.561646,146.703033,60
95349,Riverina Highway,Savernake,EASTBOUND AND WESTBOUND,HEAVY VEHICLES,2011,ALL DAYS,86,-35.718269,145.982407,95
95363,Melbourne Street,Mulwala,NORTHBOUND AND SOUTHBOUND,HEAVY VEHICLES,2006,ALL DAYS,296,-36.00296,146.003143,344
95364,Tocumwal Road,Mulwala,EASTBOUND AND WESTBOUND,HEAVY VEHICLES,2010,ALL DAYS,65,-35.970558,146.009125,73
95367,Weir Road,Mulwala,NORTHBOUND AND SOUTHBOUND,HEAVY VEHICLES,2008,ALL DAYS,97,-36.006641,145.998398,110
95370,Spring Drive,Mulwala,EASTBOUND AND WESTBOUND,HEAVY VEHICLES,2010,ALL DAYS,109,-35.995384,146.101807,122
95371,Snowy Mountains Highway,Talbingo,NORTHBOUND AND SOUTHBOUND,HEAVY VEHICLES,2010,ALL DAYS,70,-35.562935,148.312469,78
95373,West Wyalong Condobolin Road,Girral,NORTHBOUND AND SOUTHBOUND,HEAVY VEHICLES,2010,ALL DAYS,57,-33.710545,147.081848,64
95374,Kidman Way,Griffith,EASTBOUND AND WESTBOUND,HEAVY VEHICLES,2010,ALL DAYS,296,-34.283184,146.00856,330
95377,Newell Highway,Wyalong,EASTBOUND AND WESTBOUND,HEAVY VEHICLES,2007,ALL DAYS,772,-33.92514,147.25563,887
95380,Whitton Stock Route Road,Widgelli,NORTHBOUND AND SOUTHBOUND,HEAVY VEHICLES,2010,ALL DAYS,51,-34.335247,146.218277,57
95388,Burley Griffin Way,Ariah Park,EASTBOUND AND WESTBOUND,HEAVY VEHICLES,2010,ALL DAYS,157,-34.361832,147.227005,175
95391,Mary Gilmore Way,Ariah Park,NORTHBOUND AND SOUTHBOUND,HEAVY VEHICLES,2006,ALL DAYS,60,-34.360863,147.208435,70
95393,Goldfields Way,Temora,NORTHBOUND AND SOUTHBOUND,HEAVY VEHICLES,2011,ALL DAYS,363,-34.498222,147.507584,401
95395,Burley Griffin Way,Springdale,EASTBOUND AND WESTBOUND,HEAVY VEHICLES,2011,ALL DAYS,226,-34.476021,147.779144,250
95404,Ardlethan Road,Ganmain,NORTHBOUND AND SOUTHBOUND,HEAVY VEHICLES,2011,ALL DAYS,128,-34.708237,147.114075,141
95423,Hume Highway,Tarcutta,NORTHBOUND AND SOUTHBOUND,HEAVY VEHICLES,2006,ALL DAYS,1913,-35.296635,147.710663,2221
95425,Tumbarumba Road,Kyeamba,NORTHBOUND AND SOUTHBOUND,HEAVY VEHICLES,2010,ALL DAYS,78,-35.462181,147.622376,87
95431,Little Billabong Road,Little Billabong,EASTBOUND AND WESTBOUND,HEAVY VEHICLES,2010,ALL DAYS,85,-35.588886,147.539398,95
95432,Holbrook Road,Mangoplah,NORTHBOUND AND SOUTHBOUND,HEAVY VEHICLES,2011,ALL DAYS,84,-35.363415,147.262299,93
95435,Olympic Highway,Culcairn,NORTHBOUND AND SOUTHBOUND,HEAVY VEHICLES,2007,ALL DAYS,522,-35.61998,147.044113,600
95437,Holbrook Wagga Road,Holbrook,NORTHBOUND AND SOUTHBOUND,HEAVY VEHICLES,2010,ALL DAYS,65,-35.676247,147.327881,73
95443,Culcairn Holbrook Road,Morven,EASTBOUND AND WESTBOUND,HEAVY VEHICLES,2010,ALL DAYS,94,-35.656525,147.107559,105
95445,Culcairn Holbrook Road,Holbrook,EASTBOUND AND WESTBOUND,HEAVY VEHICLES,2010,ALL DAYS,68,-35.708405,147.282913,76
95456,Olympic Highway,Gerogery,NORTHBOUND AND SOUTHBOUND,HEAVY VEHICLES,2006,ALL DAYS,632,-35.823685,146.993912,734
95458,Urana Road,Jindera,NORTHBOUND AND SOUTHBOUND,HEAVY VEHICLES,2010,ALL DAYS,302,-35.991581,146.898407,337
95460,Jindera-Walla Walla Road,Jindera,NORTHBOUND AND SOUTHBOUND,HEAVY VEHICLES,2010,ALL DAYS,60,-35.936092,146.886673,67
95462,Walbundrie Road,Walla Walla,EASTBOUND AND WESTBOUND,HEAVY VEHICLES,2010,ALL DAYS,78,-35.702808,146.862793,87
95465,Urana Road,Burrumbuttock,NORTHBOUND AND SOUTHBOUND,HEAVY VEHICLES,2011,ALL DAYS,92,-35.796322,146.786392,102
95467,River Road,Howlong,NORTHBOUND AND SOUTHBOUND,HEAVY VEHICLES,2011,ALL DAYS,173,-35.987396,146.621841,191
95468,Riverina Highway,Lake Hume Village,EASTBOUND AND WESTBOUND,HEAVY VEHICLES,2010,ALL DAYS,73,-36.088005,147.036148,81
95470,Riverina Highway,Lake Hume Village,EASTBOUND AND WESTBOUND,HEAVY VEHICLES,2010,ALL DAYS,55,-36.090073,147.058472,61
95473,Tumbarumba Road,Kyeamba,NORTHBOUND AND SOUTHBOUND,HEAVY VEHICLES,2010,ALL DAYS,64,-35.430229,147.609772,71
95475,Bowna Road,Bowna,NORTHBOUND AND SOUTHBOUND,HEAVY VEHICLES,2006,ALL DAYS,2144,-35.942879,147.125092,2489
95478,Adelong Road,Tumblong,NORTHBOUND AND SOUTHBOUND,HEAVY VEHICLES,2010,ALL DAYS,35,-35.191803,148.027573,39
95492,Tumbarumba Road,Carabost,EASTBOUND AND WESTBOUND,HEAVY VEHICLES,2011,ALL DAYS,180,-35.557957,147.667786,199
95506,Batlow Road,Tumbarumba,NORTHBOUND AND SOUTHBOUND,HEAVY VEHICLES,2010,ALL DAYS,184,-35.714962,148.04779,205
95507,Tooma Road,Burra,NORTHBOUND AND SOUTHBOUND,HEAVY VEHICLES,2010,ALL DAYS,57,-35.827896,148.059219,64
95525,Alpine Way,Bringenbrong,EASTBOUND AND WESTBOUND,HEAVY VEHICLES,2010,ALL DAYS,36,-36.171692,148.035171,40
95542,Colin Knott Drive,Wagga Wagga,NORTHBOUND AND SOUTHBOUND,HEAVY VEHICLES,2010,ALL DAYS,930,-35.095001,147.347794,1038
95551,Olympic Highway,The Rock,NORTHBOUND AND SOUTHBOUND,HEAVY VEHICLES,2010,ALL DAYS,549,-35.271656,147.121231,613
95568,Irrigation Way,Narrandera,EASTBOUND AND WESTBOUND,HEAVY VEHICLES,2010,ALL DAYS,314,-34.743385,146.537491,350
95571,Masons Hill Road,Tumbarumba,EASTBOUND AND WESTBOUND,HEAVY VEHICLES,2012,ALL DAYS,200,-35.770786,147.990723,219
95602,Bridge Road,Corowa,NORTHBOUND AND SOUTHBOUND,HEAVY VEHICLES,2010,ALL DAYS,99,-36.003658,146.393921,110
95604,Federation Avenue,Corowa,NORTHBOUND AND SOUTHBOUND,HEAVY VEHICLES,2010,ALL DAYS,184,-36.003418,146.382752,205
95605,Canola Way,Old Junee,EASTBOUND AND WESTBOUND,HEAVY VEHICLES,2011,ALL DAYS,71,-34.836147,147.511017,78
95606,Spring Drive,Corowa,EASTBOUND AND WESTBOUND,HEAVY VEHICLES,2010,ALL DAYS,114,-36.010723,146.371323,127
95610,Yanco Avenue,Leeton,NORTHBOUND AND SOUTHBOUND,HEAVY VEHICLES,2010,ALL DAYS,242,-34.566723,146.410828,270
95611,Cowabbie Street,Coolamon,NORTHBOUND AND SOUTHBOUND,HEAVY VEHICLES,2010,ALL DAYS,113,-34.808632,147.1978,126
95618,Wade Street,Coolamon,EASTBOUND AND WESTBOUND,HEAVY VEHICLES,2010,ALL DAYS,79,-34.816692,147.201294,88
95651,Selwyn Street,Adelong,NORTHBOUND AND SOUTHBOUND,HEAVY VEHICLES,2011,ALL DAYS,95,-35.320045,148.066544,105
95826,Federation Way,Daysdale,NORTHBOUND AND SOUTHBOUND,HEAVY VEHICLES,2011,ALL DAYS,130,-35.648388,146.306885,144
95847,Kywong-Howlong Road,Brocklesby,NORTHBOUND AND SOUTHBOUND,HEAVY VEHICLES,2010,ALL DAYS,61,-35.813152,146.684021,68
95848,Olympic Highway,Gerogery,NORTHBOUND AND SOUTHBOUND,HEAVY VEHICLES,2010,ALL DAYS,496,-35.879559,146.998672,553
96001,Nyngan Road,Cobar,EASTBOUND AND WESTBOUND,HEAVY VEHICLES,2009,ALL DAYS,122,-31.499525,145.847122,137
96036,Castlereagh Highway,Coonamble,NORTHBOUND AND SOUTHBOUND,HEAVY VEHICLES,2009,ALL DAYS,126,-30.994934,148.379807,142
96041,Castlereagh Highway,Coonamble,NORTHBOUND AND SOUTHBOUND,HEAVY VEHICLES,2009,ALL DAYS,87,-30.877901,148.340988,98
96044,Castlereagh Highway,Walgett,NORTHBOUND AND SOUTHBOUND,HEAVY VEHICLES,2009,ALL DAYS,75,-30.094719,148.104599,85
96047,Oxley Highway,Snakes Plain,EASTBOUND AND WESTBOUND,HEAVY VEHICLES,2009,ALL DAYS,106,-31.807268,147.740875,119
96052,Mitchell Highway,Mullengudgery,NORTHBOUND AND SOUTHBOUND,HEAVY VEHICLES,2009,ALL DAYS,173,-31.675589,147.410492,195
96066,Gwydir Highway,Collarenebri,NORTHBOUND AND SOUTHBOUND,HEAVY VEHICLES,2009,ALL DAYS,110,-29.565931,148.536148,124
96068,Gwydir Highway,Walgett,EASTBOUND AND WESTBOUND,HEAVY VEHICLES,2009,ALL DAYS,110,-29.905651,148.178925,124
96070,Kamilaroi Highway,Walgett,EASTBOUND AND WESTBOUND,HEAVY VEHICLES,2009,ALL DAYS,98,-30.001989,148.034653,110
96081,Mitchell Highway,Bourke,NORTHBOUND AND SOUTHBOUND,HEAVY VEHICLES,2009,ALL DAYS,44,-30.149391,145.981811,50
96087,Kidman Way,Cobar,NORTHBOUND AND SOUTHBOUND,HEAVY VEHICLES,2009,ALL DAYS,111,-31.431265,145.860062,125
96088,Kidman Way,Cobar,NORTHBOUND AND SOUTHBOUND,HEAVY VEHICLES,2008,ALL DAYS,116,-31.500614,145.845138,132
96089,Kidman Way,Cobar,NORTHBOUND AND SOUTHBOUND,HEAVY VEHICLES,2008,ALL DAYS,61,-31.559261,145.886246,69
96123,Gwydir Highway,Collarenebri,EASTBOUND AND WESTBOUND,HEAVY VEHICLES,2009,ALL DAYS,108,-29.54875,148.636215,122
96180,Kamilaroi Highway,Bourke,EASTBOUND AND WESTBOUND,HEAVY VEHICLES,2009,ALL DAYS,97,-30.096804,145.991592,109
96227,Kamilaroi Highway,Brewarrina,EASTBOUND AND WESTBOUND,HEAVY VEHICLES,2008,ALL DAYS,108,-29.92271,146.930557,123
96250,Castlereagh Highway,Walgett,NORTHBOUND AND SOUTHBOUND,HEAVY VEHICLES,2009,ALL DAYS,66,-29.907001,148.160187,74
96254,Castlereagh Highway,Lightning Ridge,NORTHBOUND AND SOUTHBOUND,HEAVY VEHICLES,2009,ALL DAYS,37,-29.446571,147.921829,42
96269,Kamilaroi Highway,Brewarrina,EASTBOUND AND WESTBOUND,HEAVY VEHICLES,2008,ALL DAYS,113,-29.951662,146.76619,129
96324,Castlereagh Highway,Walgett,NORTHBOUND AND SOUTHBOUND,HEAVY VEHICLES,2009,ALL DAYS,190,-30.006718,148.133957,214
96329,Kamilaroi Highway,Walgett,EASTBOUND AND WESTBOUND,HEAVY VEHICLES,2009,ALL DAYS,115,-30.021416,148.100952,130
96382,Bathurst Street,Brewarrina,EASTBOUND AND WESTBOUND,HEAVY VEHICLES,2008,ALL DAYS,123,-29.959442,146.852554,140
96524,Kamilaroi Highway,Walgett,EASTBOUND AND WESTBOUND,HEAVY VEHICLES,2009,ALL DAYS,101,-30.004131,148.177399,114
96537,Kamilaroi Highway,Drildool,EASTBOUND AND WESTBOUND,HEAVY VEHICLES,2009,ALL DAYS,97,-30.111652,149.027618,109
96552,Hermidale Nymagee Road,Hermidale,NORTHBOUND AND SOUTHBOUND,HEAVY VEHICLES,2008,ALL DAYS,211,-31.573484,146.709595,240
96556,Kamilaroi Highway,Burren Junction,NORTHBOUND AND SOUTHBOUND,HEAVY VEHICLES,2009,ALL DAYS,77,-30.074413,148.958557,87
97001,Riverina Highway,Deniliquin,EASTBOUND AND WESTBOUND,HEAVY VEHICLES,2011,ALL DAYS,167,-35.537163,144.995316,184
97002,Barmah Road,Moama,EASTBOUND AND WESTBOUND,HEAVY VEHICLES,2011,ALL DAYS,86,-36.022472,144.95018,95
97004,Sturt Highway,Hay South,EASTBOUND AND WESTBOUND,HEAVY VEHICLES,2007,ALL DAYS,391,-34.519596,144.859116,449
97022,Riverina Highway,Deniliquin,EASTBOUND AND WESTBOUND,HEAVY VEHICLES,2010,ALL DAYS,116,-35.563614,145.052734,129
97024,Riverina Highway,Finley,EASTBOUND AND WESTBOUND,HEAVY VEHICLES,2011,ALL DAYS,296,-35.631554,145.570297,327
97028,Murray Street,Finley,NORTHBOUND AND SOUTHBOUND,HEAVY VEHICLES,2011,ALL DAYS,687,-35.647587,145.574127,759
97029,Newell Highway,Tocumwal,NORTHBOUND AND SOUTHBOUND,HEAVY VEHICLES,2010,ALL DAYS,549,-35.789063,145.561722,613
97030,Newell Highway,Tocumwal,NORTHBOUND AND SOUTHBOUND,HEAVY VEHICLES,2010,ALL DAYS,592,-35.813709,145.558685,660
97031,Newell Highway,Finley,NORTHBOUND AND SOUTHBOUND,HEAVY VEHICLES,2011,ALL DAYS,718,-35.631622,145.581757,793
97032,Newell Highway,Jerilderie,NORTHBOUND AND SOUTHBOUND,HEAVY VEHICLES,2010,ALL DAYS,487,-35.416668,145.693588,543
97035,Newell Highway,Jerilderie,NORTHBOUND AND SOUTHBOUND,HEAVY VEHICLES,2010,ALL DAYS,569,-35.294258,145.794479,635
97036,Newell Highway,Bundure,NORTHBOUND AND SOUTHBOUND,HEAVY VEHICLES,2010,ALL DAYS,412,-35.241886,145.815781,460
97037,Cobb Highway,Moama,NORTHBOUND AND SOUTHBOUND,HEAVY VEHICLES,2012,ALL DAYS,1138,-36.12035,144.754028,1245
97039,Cobb Highway,Moama,NORTHBOUND AND SOUTHBOUND,HEAVY VEHICLES,2006,ALL DAYS,284,-36.00071,144.827393,330
97042,Cobb Highway,Deniliquin,NORTHBOUND AND SOUTHBOUND,HEAVY VEHICLES,2011,ALL DAYS,251,-35.553543,144.957153,277
97044,Cobb Highway,Pretty Pine,NORTHBOUND AND SOUTHBOUND,HEAVY VEHICLES,2006,ALL DAYS,125,-35.421974,144.887726,145
97045,Cobb Highway,Pretty Pine,NORTHBOUND AND SOUTHBOUND,HEAVY VEHICLES,2010,ALL DAYS,73,-35.407127,144.877975,81
97051,Sturt Highway,Hay South,EASTBOUND AND WESTBOUND,HEAVY VEHICLES,2011,ALL DAYS,497,-34.520679,144.833786,549
97056,Mid Western Highway,Hay,EASTBOUND AND WESTBOUND,HEAVY VEHICLES,2007,ALL DAYS,144,-34.497395,144.916763,166
97066,Pretty Pine Road,Pretty Pine,EASTBOUND AND WESTBOUND,HEAVY VEHICLES,2010,ALL DAYS,43,-35.415436,144.866715,48
97076,Wakool Road,Deniliquin,EASTBOUND AND WESTBOUND,HEAVY VEHICLES,2010,ALL DAYS,55,-35.500816,144.87706,61
97087,Moulamein Road,Tullakool,NORTHBOUND AND SOUTHBOUND,HEAVY VEHICLES,2006,ALL DAYS,68,-35.400024,144.186554,79
97095,Swan Hill Road,Murray Downs,NORTHBOUND AND SOUTHBOUND,HEAVY VEHICLES,2006,ALL DAYS,188,-35.337032,143.568924,218
97113,Oaklands Road,Jerilderie,EASTBOUND AND WESTBOUND,HEAVY VEHICLES,2010,ALL DAYS,33,-35.359398,145.743225,37
97114,Conargo Road,Jerilderie,EASTBOUND AND WESTBOUND,HEAVY VEHICLES,2010,ALL DAYS,118,-35.355621,145.720841,132
97119,Kidman Way,Darlington Point,NORTHBOUND AND SOUTHBOUND,HEAVY VEHICLES,2010,ALL DAYS,215,-34.599117,145.983612,240
97126,Mid Western Highway,Rankins Springs,EASTBOUND AND WESTBOUND,HEAVY VEHICLES,2010,ALL DAYS,117,-33.841671,146.276962,131
97130,Mid Western Highway,One Tree,EASTBOUND AND WESTBOUND,HEAVY VEHICLES,2012,ALL DAYS,151,-34.149712,145.22403,165
97133,Mid Western Highway,Goolgowi,EASTBOUND AND WESTBOUND,HEAVY VEHICLES,2011,ALL DAYS,161,-33.988861,145.697174,178
97135,Kidman Way,Goolgowi,NORTHBOUND AND SOUTHBOUND,HEAVY VEHICLES,2012,ALL DAYS,95,-33.971626,145.698746,104
97139,Kidman Way,Hillston,NORTHBOUND AND SOUTHBOUND,HEAVY VEHICLES,2006,ALL DAYS,130,-33.492786,145.533081,151
97141,Mossgiel Road,Hillston,EASTBOUND AND WESTBOUND,HEAVY VEHICLES,2006,ALL DAYS,50,-33.473816,145.531479,58
97162,Bridge Street,Darlington Point,EASTBOUND AND WESTBOUND,HEAVY VEHICLES,2010,ALL DAYS,308,-34.567162,146.002182,344
97166,Kidman Way,Hillston,NORTHBOUND AND SOUTHBOUND,HEAVY VEHICLES,2011,ALL DAYS,127,-33.623749,145.53096,140
97189,Mid Western Highway,Rankins Springs,EASTBOUND AND WESTBOUND,HEAVY VEHICLES,2006,ALL DAYS,147,-33.884274,146.129074,171
97200,Swan Hill Road,Murray Downs,NORTHBOUND AND SOUTHBOUND,HEAVY VEHICLES,2010,ALL DAYS,119,-35.30814,143.619232,133
97206,Stony Crossing Road,Kyalite,NORTHBOUND AND SOUTHBOUND,HEAVY VEHICLES,2006,ALL DAYS,56,-34.979599,143.453094,65
97207,Yanga Way,Kyalite,NORTHBOUND AND SOUTHBOUND,HEAVY VEHICLES,2006,ALL DAYS,152,-34.976185,143.442749,176
97210,Barham Road,Caldwell,EASTBOUND AND WESTBOUND,HEAVY VEHICLES,2006,ALL DAYS,84,-35.649769,144.413742,98
97216,Moulamein Road,Barham,NORTHBOUND AND SOUTHBOUND,HEAVY VEHICLES,2010,ALL DAYS,44,-35.517757,144.204758,49
97219,Barham Road,Barham,EASTBOUND AND WESTBOUND,HEAVY VEHICLES,2006,ALL DAYS,91,-35.573338,144.201584,106
97220,Moulamein Road,Barham,NORTHBOUND AND SOUTHBOUND,HEAVY VEHICLES,2011,ALL DAYS,153,-35.580086,144.185059,169
97232,Perricoota Road,Moama,NORTHBOUND AND SOUTHBOUND,HEAVY VEHICLES,2012,ALL DAYS,349,-36.104759,144.742371,382
97233,Cobb Highway,Moama,NORTHBOUND AND SOUTHBOUND,HEAVY VEHICLES,2012,ALL DAYS,528,-36.098324,144.75325,577
97234,Cobb Highway,Booroorban,NORTHBOUND AND SOUTHBOUND,HEAVY VEHICLES,2006,ALL DAYS,67,-34.852745,144.766663,78
97238,Conargo Road,Conargo,EASTBOUND AND WESTBOUND,HEAVY VEHICLES,2010,ALL DAYS,107,-35.304813,145.197739,119
97246,Kidman Way,Coleambally,NORTHBOUND AND SOUTHBOUND,HEAVY VEHICLES,2010,ALL DAYS,170,-34.890255,145.850143,190
97252,Conargo Road,Wandook,NORTHBOUND AND SOUTHBOUND,HEAVY VEHICLES,2010,ALL DAYS,121,-35.459251,145.019394,135
97256,Berrigan Road,Jerilderie,NORTHBOUND AND SOUTHBOUND,HEAVY VEHICLES,2010,ALL DAYS,52,-35.423321,145.707413,58
97258,Oaklands Road,Berrigan,NORTHBOUND AND SOUTHBOUND,HEAVY VEHICLES,2010,ALL DAYS,73,-35.592781,145.953781,81
97264,Balranald Road,Moulamein,EASTBOUND AND WESTBOUND,HEAVY VEHICLES,2006,ALL DAYS,48,-35.085148,144.021057,56
97273,Hughes Street,Barooga,EASTBOUND AND WESTBOUND,HEAVY VEHICLES,2010,ALL DAYS,40,-35.913952,145.706635,45
97276,Berrigan Road,Barooga,NORTHBOUND AND SOUTHBOUND,HEAVY VEHICLES,2010,ALL DAYS,102,-35.889408,145.703613,114
97281,Nacurrie Road,Gonn,EASTBOUND AND WESTBOUND,HEAVY VEHICLES,2012,ALL DAYS,134,-35.362011,143.901993,147
97311,Riverina Highway,Finley,EASTBOUND AND WESTBOUND,HEAVY VEHICLES,2011,ALL DAYS,182,-35.650002,145.693451,201
97313,Riverina Highway,Finley,EASTBOUND AND WESTBOUND,HEAVY VEHICLES,2010,ALL DAYS,119,-35.6404,145.586594,133
97327,Hay Road,Deniliquin,NORTHBOUND AND SOUTHBOUND,HEAVY VEHICLES,2010,ALL DAYS,120,-35.505722,144.968674,134
97349,Cadell Street,Hay,EASTBOUND AND WESTBOUND,HEAVY VEHICLES,2010,ALL DAYS,55,-34.50412,144.843903,61
97352,Barooga-Tocumwal Road,Tocumwal,EASTBOUND AND WESTBOUND,HEAVY VEHICLES,2010,ALL DAYS,60,-35.829552,145.602081,67
97356,Conargo Road,Deniliquin,NORTHBOUND AND SOUTHBOUND,HEAVY VEHICLES,2006,ALL DAYS,150,-35.516506,144.989075,174
97380,Wakool Road,Deniliquin,EASTBOUND AND WESTBOUND,HEAVY VEHICLES,2006,ALL DAYS,74,-35.524208,144.933411,86
97383,Wakool Road,Wakool,EASTBOUND AND WESTBOUND,HEAVY VEHICLES,2006,ALL DAYS,29,-35.47966,144.311966,34
97442,Whitton Darlington Point Road,Darlington Point,EASTBOUND AND WESTBOUND,HEAVY VEHICLES,2010,ALL DAYS,58,-34.564789,146.019592,65
97457,Cobram Road,Berrigan,NORTHBOUND AND SOUTHBOUND,HEAVY VEHICLES,2010,ALL DAYS,93,-35.688679,145.805557,104
97463,Barham Road,Deniliquin,EASTBOUND AND WESTBOUND,HEAVY VEHICLES,2012,ALL DAYS,132,-35.552425,144.879623,144
97466,Riverina Highway,Berrigan,NORTHBOUND AND SOUTHBOUND,HEAVY VEHICLES,2011,ALL DAYS,102,-35.679882,145.82341,113
97469,Perricoota Road,Moama,EASTBOUND AND WESTBOUND,HEAVY VEHICLES,2010,ALL DAYS,71,-36.04998,144.65448,79
97493,Meninya Street,Moama,NORTHBOUND AND SOUTHBOUND,HEAVY VEHICLES,2010,ALL DAYS,584,-36.109779,144.753525,652
97494,Yanga Way,Kyalite,NORTHBOUND AND SOUTHBOUND,HEAVY VEHICLES,2012,ALL DAYS,155,-34.941238,143.479355,170
98002,Silver City Highway,Broken Hill,NORTHBOUND AND SOUTHBOUND,HEAVY VEHICLES,2006,ALL DAYS,48,-32.081757,141.403915,56
98038,Silver City Highway,Mourquong,EASTBOUND AND WESTBOUND,HEAVY VEHICLES,2010,ALL DAYS,220,-34.141636,142.169144,245
98063,Sturt Highway,Buronga,NORTHBOUND AND SOUTHBOUND,HEAVY VEHICLES,2007,ALL DAYS,1234,-34.183842,142.172943,1418
98064,Sturt Highway,Monak,EASTBOUND AND WESTBOUND,HEAVY VEHICLES,2007,ALL DAYS,514,-34.290379,142.29097,591
98076,Barrier Highway,Broken Hill,EASTBOUND AND WESTBOUND,HEAVY VEHICLES,2009,ALL DAYS,136,-31.859758,141.882813,153
98142,Pooncarie Road,Menindee,NORTHBOUND AND SOUTHBOUND,HEAVY VEHICLES,2006,ALL DAYS,44,-32.409927,142.402802,51
98156,Arumpo Road,Mourquong,NORTHBOUND AND SOUTHBOUND,HEAVY VEHICLES,2006,ALL DAYS,108,-34.137169,142.187866,125
99031,Great Western Highway,Hartley,EASTBOUND AND WESTBOUND,HEAVY VEHICLES,2008,ALL DAYS,1151,-33.539219,150.161118,1310
99034,Great Western Highway,Mount Victoria,EASTBOUND AND WESTBOUND,HEAVY VEHICLES,2009,ALL DAYS,1491,-33.596401,150.263809,1680
99037,Chifley Road,Bell,EASTBOUND AND WESTBOUND,HEAVY VEHICLES,2006,ALL DAYS,58,-33.509514,150.27977,67
99082,Great Western Highway,Hartley,EASTBOUND AND WESTBOUND,HEAVY VEHICLES,2008,ALL DAYS,1393,-33.544544,150.173203,1585
99084,Castlereagh Highway,Marrangaroo,NORTHBOUND AND SOUTHBOUND,HEAVY VEHICLES,2009,ALL DAYS,472,-33.419147,150.102066,532
99135,Castlereagh Highway,Dunedoo,NORTHBOUND AND SOUTHBOUND,HEAVY VEHICLES,2009,ALL DAYS,82,-32.002338,149.382294,92
99179,Castlereagh Highway,Round Swamp,NORTHBOUND AND SOUTHBOUND,HEAVY VEHICLES,2009,ALL DAYS,301,-33.071186,149.9366,339
99234,Great Western Highway,Mount Victoria,EASTBOUND AND WESTBOUND,HEAVY VEHICLES,2009,ALL DAYS,1453,-33.590359,150.254257,1637
99236,Great Western Highway,South Bowenfels,NORTHBOUND AND SOUTHBOUND,HEAVY VEHICLES,2008,ALL DAYS,1179,-33.508904,150.124222,1342
99259,Castlereagh Highway,Dunedoo,NORTHBOUND AND SOUTHBOUND,HEAVY VEHICLES,2009,ALL DAYS,106,-32.052746,149.480576,119
99264,Castlereagh Highway,Dunedoo,NORTHBOUND AND SOUTHBOUND,HEAVY VEHICLES,2009,ALL DAYS,81,-31.929626,149.321991,91
99267,Castlereagh Highway,Ilford,NORTHBOUND AND SOUTHBOUND,HEAVY VEHICLES,2009,ALL DAYS,287,-32.927822,149.85144,323
99274,Castlereagh Highway,Galambine,NORTHBOUND AND SOUTHBOUND,HEAVY VEHICLES,2009,ALL DAYS,214,-32.47504,149.506439,241
99612,Mid Western Highway,Bathampton,EASTBOUND AND WESTBOUND,HEAVY VEHICLES,2006,ALL DAYS,189,-33.482677,149.415604,219
99824,Castlereagh Highway,Mendooran,EASTBOUND AND WESTBOUND,HEAVY VEHICLES,2009,ALL DAYS,120,-31.82935,149.107498,135
99847,Stewart Street,Mitchell,EASTBOUND AND WESTBOUND,HEAVY VEHICLES,2009,ALL DAYS,417,-33.422489,149.556534,470
99887,Sydney Road,Kelso,EASTBOUND AND WESTBOUND,HEAVY VEHICLES,2009,ALL DAYS,1511,-33.420025,149.62439,1703
99889,Castlereagh Highway,Lidsdale,NORTHBOUND AND SOUTHBOUND,HEAVY VEHICLES,2009,ALL DAYS,414,-33.380737,150.078308,467
99894,Castlereagh Highway,Gulgong,EASTBOUND AND WESTBOUND,HEAVY VEHICLES,2009,ALL DAYS,133,-32.350094,149.495544,150
99911,Mitchell Highway,Windradyne,EASTBOUND AND WESTBOUND,HEAVY VEHICLES,2009,ALL DAYS,1022,-33.411942,149.541107,1152
99921,Great Western Highway,Glanmire,EASTBOUND AND WESTBOUND,HEAVY VEHICLES,2006,ALL DAYS,496,-33.425926,149.691452,576
99922,Castlereagh Highway,Burrundulla,NORTHBOUND AND SOUTHBOUND,HEAVY VEHICLES,2006,ALL DAYS,131,-32.649929,149.66156,152
99931,Castlereagh Highway,Menah,NORTHBOUND AND SOUTHBOUND,HEAVY VEHICLES,2009,ALL DAYS,320,-32.559254,149.549698,361
100001,Cambridge Street,Canley Heights,NORTHBOUND AND SOUTHBOUND,HEAVY VEHICLES,2017,ALL DAYS,3268,-33.878181,150.924942,3401
100004,Lawrence Hargrave Drive,Clifton,NORTHBOUND AND SOUTHBOUND,HEAVY VEHICLES,2017,ALL DAYS,338,-34.259789,150.969467,352
100015,Princes Motorway,Helensburgh,NORTHBOUND AND SOUTHBOUND,HEAVY VEHICLES,2015,ALL DAYS,3048,-34.150352,150.990295,3236
6119-PR,Pacific Highway,Nabiac,NORTHBOUND AND SOUTHBOUND,HEAVY VEHICLES,2017,ALL DAYS,3403,-32.088028,152.405975,3541
6120-PR,Pacific Highway,Kiwarrak,NORTHBOUND AND SOUTHBOUND,HEAVY VEHICLES,2017,ALL DAYS,3744,-31.968466,152.463989,3896
6128-PR,Pacific Highway,Lake Innes,NORTHBOUND AND SOUTHBOUND,HEAVY VEHICLES,2017,ALL DAYS,3144,-31.515654,152.794846,3272
6135-PR,Hume Highway,Bowning,NORTHBOUND AND SOUTHBOUND,HEAVY VEHICLES,2017,ALL DAYS,4346,-34.791008,148.86348,4522
6178-PR,Picton Road,Cordeaux,EASTBOUND AND WESTBOUND,HEAVY VEHICLES,2017,ALL DAYS,4223,-34.372967,150.829529,4394
66249X,Fairfield Street,Fairfield East,EASTBOUND AND WESTBOUND,HEAVY VEHICLES,2010,ALL DAYS,1269,-33.869339,150.96344,1416
7104-PR,Broughton Street,Campbelltown,EASTBOUND AND WESTBOUND,HEAVY VEHICLES,2017,ALL DAYS,1392,-34.066612,150.81958,1449
7119-PR,Hawkesbury Road,Merrylands,EASTBOUND AND WESTBOUND,HEAVY VEHICLES,2017,ALL DAYS,1399,-33.817974,150.981827,1456
7123-PR,Pages Road,St Marys,EASTBOUND AND WESTBOUND,HEAVY VEHICLES,2017,ALL DAYS,2017,-33.769588,150.768738,2099
980FDSC,Great Western Highway,Parramatta,EASTBOUND AND WESTBOUND,HEAVY VEHICLES,2011,ALL DAYS,1160,-33.818405,150.994781,1281
9834-PR,Kingsway,Miranda,EASTBOUND AND WESTBOUND,HEAVY VEHICLES,2017,ALL DAYS,1547,-34.033203,151.092529,1610
9836-PR,Victoria Road,Ryde,EASTBOUND AND WESTBOUND,HEAVY VEHICLES,2017,ALL DAYS,3102,-33.819687,151.117416,3228
984FDSC,The Boulevarde,Strathfield,NORTHBOUND AND SOUTHBOUND,HEAVY VEHICLES,2009,ALL DAYS,865,-33.877594,151.093262,975
ALBSTC,Hume Highway,Table Top,NORTHBOUND AND SOUTHBOUND,HEAVY VEHICLES,2017,ALL DAYS,3527,-35.967876,147.004715,3670
BGBSTC,Newell Highway,Boggabilla,NORTHBOUND AND SOUTHBOUND,HEAVY VEHICLES,2017,ALL DAYS,1327,-28.567099,150.321335,1381
BKHSTC,Barrier Highway,Broken Hill,EASTBOUND AND WESTBOUND,HEAVY VEHICLES,2017,ALL DAYS,148,-31.919672,141.534698,154
BLNSTC,Sturt Highway,Balranald,EASTBOUND AND WESTBOUND,HEAVY VEHICLES,2017,ALL DAYS,543,-34.674763,143.572067,565
BNMSTC,New England Highway,Bendemeer,NORTHBOUND AND SOUTHBOUND,HEAVY VEHICLES,2017,ALL DAYS,842,-30.896273,151.154327,876
BRGSTC,Hume Motorway,Bargo,NORTHBOUND AND SOUTHBOUND,HEAVY VEHICLES,2017,ALL DAYS,6894,-34.309757,150.60141,7174
CBBSTC,Newell Highway,Tannabar,NORTHBOUND AND SOUTHBOUND,HEAVY VEHICLES,2017,ALL DAYS,944,-31.31538,149.303513,982
COBAR,Kidman Way,Cobar,NORTHBOUND AND SOUTHBOUND,HEAVY VEHICLES,2011,ALL DAYS,98,-31.400272,145.874161,108
DNDSTC,New England Highway,Dundee,NORTHBOUND AND SOUTHBOUND,HEAVY VEHICLES,2017,ALL DAYS,505,-29.568588,151.865753,526
F3FWY001,Pacific Motorway,North Wahroonga,NORTHBOUND AND SOUTHBOUND,HEAVY VEHICLES,2017,ALL DAYS,11596,-33.694206,151.121323,12067
F3FWY002,Pacific Motorway,Mount Kuring-Gai,NORTHBOUND AND SOUTHBOUND,HEAVY VEHICLES,2017,ALL DAYS,12712,-33.651676,151.137741,13228
F3FWY003,Pacific Motorway,Cowan,NORTHBOUND AND SOUTHBOUND,HEAVY VEHICLES,2017,ALL DAYS,11558,-33.560299,151.192551,12027
F3FWY004,Pacific Motorway,Bar Point,NORTHBOUND AND SOUTHBOUND,HEAVY VEHICLES,2017,ALL DAYS,11967,-33.496265,151.187408,12453
F3FWY005,Pacific Motorway,Calga,NORTHBOUND AND SOUTHBOUND,HEAVY VEHICLES,2011,ALL DAYS,7740,-33.429348,151.22467,8550
F3FWY006,Pacific Motorway,Somersby,NORTHBOUND AND SOUTHBOUND,HEAVY VEHICLES,2017,ALL DAYS,10205,-33.395744,151.297058,10619
GNDSTC,Hume Highway,Gundagai,NORTHBOUND AND SOUTHBOUND,HEAVY VEHICLES,2017,ALL DAYS,3570,-35.007648,148.111343,3715
HEXBUCHW-PR,Hunter Expressway,Buchanan,EASTBOUND AND WESTBOUND,HEAVY VEHICLES,2017,ALL DAYS,3415,-32.835659,151.538528,3554
HHW005,Hume Highway,Bookham,NORTHBOUND AND SOUTHBOUND,HEAVY VEHICLES,2017,ALL DAYS,3526,-34.786289,148.703384,3669
HHW006,Hume Highway,Manton,NORTHBOUND AND SOUTHBOUND,HEAVY VEHICLES,2017,ALL DAYS,3470,-34.836449,149.007996,3611
HWDSTC,Pacific Highway,Maclean,NORTHBOUND AND SOUTHBOUND,HEAVY VEHICLES,2017,ALL DAYS,3119,-29.434345,153.240707,3246
JRDSTC,Newell Highway,Jerilderie,NORTHBOUND AND SOUTHBOUND,HEAVY VEHICLES,2017,ALL DAYS,839,-35.350632,145.755707,873
MOHVCS,Mount Ousley Road Hvcs,Mount Keira,NORTHBOUND AND SOUTHBOUND,HEAVY VEHICLES,2017,ALL DAYS,7601,-34.390652,150.858108,7910
MRDSTC,Newell Highway,Caragabal,NORTHBOUND AND SOUTHBOUND,HEAVY VEHICLES,2017,ALL DAYS,821,-33.759418,147.523041,854
MUB001,Melbourne Street,Mulwala,NORTHBOUND AND SOUTHBOUND,HEAVY VEHICLES,2017,ALL DAYS,470,-36.003071,146.003235,489
NNDSTC,Sturt Highway,Euroley,EASTBOUND AND WESTBOUND,HEAVY VEHICLES,2017,ALL DAYS,452,-34.696266,146.341217,470
NNGSTC,Mitchell Highway,Nyngan,EASTBOUND AND WESTBOUND,HEAVY VEHICLES,2017,ALL DAYS,308,-31.568691,147.209168,321
PHSTC,Pacific Highway,Jones Island,NORTHBOUND AND SOUTHBOUND,HEAVY VEHICLES,2017,ALL DAYS,3332,-31.860619,152.600388,3467
PICTON,Picton Road,Cataract,EASTBOUND AND WESTBOUND,HEAVY VEHICLES,2012,ALL DAYS,1899,-34.375683,150.832565,2077
RD001,Princes Highway,Croom,NORTHBOUND AND SOUTHBOUND,HEAVY VEHICLES,2016,ALL DAYS,3206,-34.589237,150.844559,3370
RD002,Shellharbour Road,Flinders,NORTHBOUND AND SOUTHBOUND,HEAVY VEHICLES,2016,ALL DAYS,1578,-34.589016,150.845856,1658
RLXT001,Black Stump Way,Coolah,NORTHBOUND AND SOUTHBOUND,HEAVY VEHICLES,2011,ALL DAYS,105,-31.583057,149.766907,116
SHB,Bradfield Highway,Milsons Point,NORTHBOUND AND SOUTHBOUND,HEAVY VEHICLES,2016,ALL DAYS,10529,-33.852295,151.210846,11066
T0085,Galston Road,Hornsby Heights,EASTBOUND AND WESTBOUND,HEAVY VEHICLES,2017,ALL DAYS,319,-33.665455,151.090271,332
T0145,Newell Highway,Boggabilla,NORTHBOUND AND SOUTHBOUND,HEAVY VEHICLES,2017,ALL DAYS,1361,-28.566883,150.321152,1416
T0146,Newell Highway,Boggabilla,NORTHBOUND AND SOUTHBOUND,HEAVY VEHICLES,2017,ALL DAYS,1361,-28.566883,150.321152,1416
T0233,Newell Highway,Jerilderie,NORTHBOUND AND SOUTHBOUND,HEAVY VEHICLES,2017,ALL DAYS,832,-35.350391,145.756058,866
T0234,Sturt Highway,Balranald,EASTBOUND AND WESTBOUND,HEAVY VEHICLES,2017,ALL DAYS,541,-34.6745,143.571899,563
T0236,Barrier Highway,Broken Hill,EASTBOUND AND WESTBOUND,HEAVY VEHICLES,2017,ALL DAYS,171,-31.919863,141.53447,178
T0242,Mitchell Highway,Nyngan,EASTBOUND AND WESTBOUND,HEAVY VEHICLES,2017,ALL DAYS,295,-31.568602,147.209,307
T0245,Newell Highway,Tannabar,NORTHBOUND AND SOUTHBOUND,HEAVY VEHICLES,2017,ALL DAYS,946,-31.315237,149.30307,984
T0251,Newell Highway,Tomingley,NORTHBOUND AND SOUTHBOUND,HEAVY VEHICLES,2017,ALL DAYS,940,-32.577614,148.222031,978
T0253,Newell Highway,Caragabal,NORTHBOUND AND SOUTHBOUND,HEAVY VEHICLES,2017,ALL DAYS,822,-33.760098,147.522415,855
T0254,Sturt Highway,Euroley,EASTBOUND AND WESTBOUND,HEAVY VEHICLES,2017,ALL DAYS,437,-34.69595,146.340912,455
T0257,New England Highway,Bendemeer,NORTHBOUND AND SOUTHBOUND,HEAVY VEHICLES,2017,ALL DAYS,898,-30.895912,151.154572,934
T0259,New England Highway,Dundee,NORTHBOUND AND SOUTHBOUND,HEAVY VEHICLES,2017,ALL DAYS,537,-29.56786,151.865753,559
T0260,Summerland Way,Casino,NORTHBOUND AND SOUTHBOUND,HEAVY VEHICLES,2017,ALL DAYS,515,-28.88661,153.046005,536
T0261,Summerland Way,Casino,NORTHBOUND AND SOUTHBOUND,HEAVY VEHICLES,2017,ALL DAYS,514,-28.886017,153.0457,535
T0264,Pacific Highway,Maclean,NORTHBOUND AND SOUTHBOUND,HEAVY VEHICLES,2017,ALL DAYS,3418,-29.434433,153.240707,3557
T0274-PR,Hume Highway,Marulan,NORTHBOUND AND SOUTHBOUND,HEAVY VEHICLES,2017,ALL DAYS,1349,-34.704567,150.014954,1404
T0298,Great Western Highway Hvcs,Blackheath,EASTBOUND AND WESTBOUND,HEAVY VEHICLES,2017,ALL DAYS,1591,-33.617626,150.274033,1656
T0337,Galston Road,Galston,EASTBOUND AND WESTBOUND,HEAVY VEHICLES,2017,ALL DAYS,326,-33.654926,151.060974,339
T0342,Galston Road,Galston,EASTBOUND AND WESTBOUND,HEAVY VEHICLES,2017,ALL DAYS,347,-33.65556,151.063828,361
T0345,Galston Road,Hornsby,EASTBOUND AND WESTBOUND,HEAVY VEHICLES,2017,ALL DAYS,801,-33.689632,151.097748,834
T0384,Bells Line Of Road,Bell,EASTBOUND AND WESTBOUND,HEAVY VEHICLES,2017,ALL DAYS,505,-33.511532,150.284225,526
T0479-PR,Pacific Motorway,Mount White,NORTHBOUND AND SOUTHBOUND,HEAVY VEHICLES,2017,ALL DAYS,4668,-33.454525,151.206726,4858
T0492,Remembrance Driveway,Bargo,EASTBOUND AND WESTBOUND,HEAVY VEHICLES,2017,ALL DAYS,470,-34.313366,150.586014,489
T0493,Avon Dam Road,Bargo,EASTBOUND AND WESTBOUND,HEAVY VEHICLES,2017,ALL DAYS,586,-34.308601,150.599533,610
T0497,Newell Highway,Biddon,NORTHBOUND AND SOUTHBOUND,HEAVY VEHICLES,2017,ALL DAYS,729,-31.616983,148.746139,759
T0498,Newell Highway,Coonabarabran,NORTHBOUND AND SOUTHBOUND,HEAVY VEHICLES,2017,ALL DAYS,708,-31.236635,149.31575,737
THSTC,Pacific Motorway,Chinderah,EASTBOUND AND WESTBOUND,HEAVY VEHICLES,2017,ALL DAYS,4959,-28.245531,153.546005,5160
TMGSTC,Newell Highway,Tomingley,NORTHBOUND AND SOUTHBOUND,HEAVY VEHICLES,2017,ALL DAYS,962,-32.57792282,148.2220154,1001
