Charging location,Number of plugs,Number of plugs in 2023,Number of plugs in 2026,Number of plugs in 2031,Zone substation installed capacity in 2023 (MVA),Zone substation available capacity in 2023 (MVA),Zone (km),Type,Latitude,Longitude,Time
"Bega, NSW",4,4,4,8,30,15.1,20km,Journey enablement,-36.68056791,149.831479,1/01/2023
"Tarcutta, NSW",4,4,4,8,6.9,3.1,20km,Journey enablement,-35.28335431,147.7166748,1/01/2023
Buronga NSW,4,4,4,20,39.7,-2.4,20km,Journey enablement,-34.17329117,142.1898025,1/01/2023
"Hay, NSW",4,4,4,8,10,3.6,20km,Journey enablement,-34.50418411,144.8441586,1/01/2023
"Gunnedah, NSW",4,4,4,8,30,5.2,20km,Journey enablement,-30.97942441,150.2461079,1/01/2023
"Narrabri, NSW",4,4,4,24,30,13.7,20km,Journey enablement,-30.32802835,149.7786371,1/01/2023
"Coonabarabran, NSW",4,4,4,7,13,4.4,20km,Journey enablement,-31.27345491,149.2773256,1/01/2023
"Forbes, NSW",4,4,4,12,30,15.2,20km,Journey enablement,-33.36663735,148.0218351,1/01/2023
"Wilcannia, NSW",4,4,4,4,3.5,2.5,20km,Journey enablement,-31.55870878,143.3787463,1/01/2023
"Broken hills, NSW",4,4,4,4,88.2,45.5,20km,Journey enablement,-31.95125654,141.4629446,1/01/2023
"Nyngan, NSW",4,4,4,4,10,1.1,20km,Journey enablement,-31.55015706,147.1762086,1/01/2023
"Bourke, NSW",4,4,4,4,10,2.9,20km,Journey enablement,-30.09331095,145.9429621,1/01/2023
"Walgett, NSW",4,4,4,5,10,5.1,20km,Journey enablement,-30.0224736,148.1164745,1/01/2023
"Moree, NSW",4,4,4,19,30,10.9,20km,Journey enablement,-29.46292196,149.8357509,1/01/2023
"Glen innes, NSW",4,4,4,5,20,11.9,20km,Journey enablement,-29.73747398,151.7383796,1/01/2023
"Willow Tree, NSW",4,4,4,6,13.3,6.5,20km,Journey enablement,-31.63710229,150.7227959,1/01/2023
"Narrandera, NSW",4,4,4,7,16,2,20km,Journey enablement,-34.74012302,146.5559219,1/01/2023
"Mittagong-Bowral, NSW",4,4,8,43,25,7.19,10km,Major towns,-34.45081557,150.4489285,1/01/2023
"Cooma,NSW",4,4,4,11,20,7.1,20km,Journey enablement,-36.23450396,149.1268611,1/01/2023
"Cowra,NSW",4,4,4,19,30,8.5,20km,Journey enablement,-33.83453885,148.6812105,1/01/2023
"Parkes, NSW",4,4,4,17,30,10.4,20km,Journey enablement,-33.14172239,148.1720098,1/01/2023
"West wyalong, NSW",4,4,4,5,8,-1.1,20km,Journey enablement,-33.91874404,147.1935743,1/01/2023
"Gilgandra,NSW",4,4,4,6,12,5,20km,Journey enablement,-31.69868028,148.6651375,1/01/2023
"Muswellbrook,NSW",4,4,4,16,47.64,21.83,20km,Journey enablement,-32.27879643,150.8982537,1/01/2023
"Pooncarie, NSW",4,4,4,4,8,5.1,20km,Journey enablement,-33.38528348,142.5701108,1/01/2023
"Menindee, NSW",4,4,4,4,5,4,20km,Journey enablement,-32.39567165,142.4132163,1/01/2023
"Ivanhoe, NSW",4,4,4,4,1,-0.1,20km,Journey enablement,-32.9001224,144.3005299,1/01/2023
"Hillston, NSW",4,4,4,4,16,2.7,20km,Journey enablement,-33.48682563,145.5327784,1/01/2023
"Condobolin, NSW",4,4,4,4,10,1.5,20km,Journey enablement,-33.08801497,147.1521962,1/01/2023
"Jerilderie, NSW",4,4,4,8,10,6.3,20km,Journey enablement,-35.35527235,145.723215,1/01/2023
"Balranald, NSW",4,4,4,4,10,6.1,20km,Journey enablement,-34.64220389,143.5671508,1/01/2023
"Coonamble, NSW",4,4,4,4,10,3.8,20km,Journey enablement,-30.95759161,148.3884464,1/01/2023
"Dunedoo, NSW",4,4,4,4,10,4.5,20km,Journey enablement,-32.01615914,149.3979499,1/01/2023
"Inverell, NSW",4,4,4,15,30,7.9,20km,Journey enablement,-29.77427023,151.1109517,1/01/2023
"Barraba, NSW",4,4,4,4,5,2.4,20km,Journey enablement,-30.38247195,150.6096493,1/01/2023
"Temora, NSW",4,4,4,15,10,1.9,20km,Journey enablement,-34.44663402,147.5342991,1/01/2023
"Gundagai, NSW",4,4,4,16,8,1.8,20km,Journey enablement,-35.06151192,148.101348,1/01/2023
"Maclean, NSW",4,4,4,23,16,7,20km,Journey enablement,-29.46060498,153.2017825,1/01/2023
"Molong, NSW",4,4,4,7,4,-0.5,20km,Journey enablement,-33.09428677,148.8656758,1/01/2023
"Hermidale, NSW",4,4,4,4,10,1.1,20km,Journey enablement,-31.54825577,146.7243633,1/01/2023
"Emmdale, NSW",4,4,4,4,5,4.1,20km,Journey enablement,-31.65323367,144.2682742,1/01/2023
"Bilpin, NSW",4,4,4,4,15,0.68,20km,Journey enablement,-33.4979667,150.5213474,1/01/2023
"Little Topar, NSW",4,4,4,4,1.5,0.2,20km,Journey enablement,-31.7798724,142.2273978,1/01/2023
"Coolabah ,NSW",4,4,4,4,10,1.1,20km,Journey enablement,-31.0252105,146.7134536,1/01/2023
"Burren junction, NSW",4,4,4,4,5,2.9,20km,Journey enablement,-30.10402248,148.9687545,1/01/2023
"Goolgowi, NSW",4,4,4,4,16,2.7,20km,Journey enablement,-33.98007672,145.7078232,1/01/2023
"Lockhart, NSW",4,4,4,4,5,1.5,20km,Journey enablement,-35.22331375,146.7143683,1/01/2023
"Maude, NSW",4,4,4,4,30,16.8,20km,Journey enablement,-34.63309776,144.2898553,1/01/2023
"Henty, NSW",4,4,4,4,5,2.1,20km,Journey enablement,-35.51881128,147.035332,1/01/2023
"Holbrook, NSW",4,4,4,4,7,3.3,20km,Journey enablement,-35.71994885,147.316589,1/01/2023
"Deniliquin, NSW",4,4,4,4,30,6.8,20km,Journey enablement,-35.52758055,144.9648168,1/01/2023
Brewarrina NSW,4,4,4,4,8,5.3,20km,Journey enablement,-29.95976876,146.8548786,1/01/2023
"Collarenebri, NSW",4,4,4,4,5,2.3,20km,Journey enablement,-29.54576302,148.5766712,1/01/2023
"Ulladulla, NSW",4,4,4,4,30,4.91,20km,Journey enablement,-35.3579322,150.4740188,1/01/2023
"Narooma, NSW",4,4,4,4,12.5,5.6,20km,Journey enablement,-36.22224959,150.1274296,1/01/2023
"Bingara, NSW",4,4,4,4,3,0.4,20km,Journey enablement,-29.86676821,150.5711728,1/01/2023
"Euston, NSW",4,4,4,4,10,3.4,20km,Journey enablement,-34.57492649,142.7426138,1/01/2023
"Bathurst, NSW",4,4,13,59,115,47.8,10km,Major towns,-33.41196467,149.577495,1/01/2023
"Mudgee, NSW",4,4,9,39,30,1.1,10km,Major towns,-32.5960278,149.5826128,1/01/2023
"Orange, NSW",4,4,9,43,85,23.1,10km,Major towns,-33.27501442,149.0871633,1/01/2023
"Cobar, NSW",4,4,4,6,11,3.9,10km,Major towns,-31.49923264,145.8698973,1/01/2023
"Dubbo, NSW",4,4,19,89,138,48.8,10km,Major towns,-32.24685062,148.593704,1/01/2023
"Branxton, NSW",4,4,5,16,91.29,30.15,10km,Major towns,-32.65890452,151.3520237,1/01/2023
"Nelson Bay Peninsula, NSW",4,4,6,25,45.73,19.22,10km,Major towns,-32.71649559,152.1569676,1/01/2023
"Woodville, NSW",4,4,4,10,38.11,27.58,10km,Major towns,-32.67507971,151.6125853,1/01/2023
"Singleton, NSW",4,4,10,46,60.97,18.98,10km,Major towns,-32.55558784,151.1633237,1/01/2023
"Taree, NSW",4,4,8,30,45,14.8,10km,Major towns,-31.91235582,152.4625882,1/01/2023
"Williamtown, NSW",4,4,5,18,24.75,18.34,10km,Major towns,-32.81669587,151.8425142,1/01/2023
"Kiama, NSW",4,4,7,30,25,11.18,10km,Major towns,-34.66724838,150.849675,1/01/2023
"Armidale, NSW",4,4,13,65,28.5,6,10km,Major towns,-30.52284634,151.6569822,1/01/2023
"Tamworth, NSW",4,4,15,78,46,13.6,10km,Major towns,-31.08942105,150.9303527,1/01/2023
"Ballina, NSW",4,4,6,26,30,3.9,10km,Major towns,-28.85914979,153.564414,1/01/2023
"Byron Bay, NSW",4,4,10,47,75,44.4,10km,Major towns,-28.63753887,153.5925318,1/01/2023
"Coffs Harbour, NSW",4,4,10,41,76,29.3,10km,Major towns,-30.29646404,153.1135474,1/01/2023
"Grafton, NSW",4,4,6,19,25,8.3,10km,Major towns,-29.68712068,152.936531,1/01/2023
"Kingscliff, NSW",4,4,6,18,30,14.6,10km,Major towns,-28.26011013,153.5797429,1/01/2023
"Lennox Head, NSW",4,4,4,12,45,13.5,10km,Major towns,-28.79083743,153.585243,1/01/2023
"Lismore, NSW",4,4,7,30,78,38.3,10km,Major towns,-28.81477336,153.2858978,1/01/2023
"Port Macquarie, NSW",4,4,14,68,80,23.9,10km,Major towns,-31.4354193,152.8976597,1/01/2023
"Boambee, NSW",4,4,5,18,30,21,10km,Major towns,-30.33112267,153.0817941,1/01/2023
"Terranora, NSW",4,4,4,4,30,23.5,10km,Major towns,-28.24166615,153.5092115,1/01/2023
Tweed Heads,4,4,10,40,110,49,10km,Major towns,-28.18074858,153.5211111,1/01/2023
"Albury, NSW",4,4,10,48,197.9,58.4,10km,Major towns,-36.06521947,146.9398891,1/01/2023
"Griffith, NSW",4,4,7,29,87.5,34.8,10km,Major towns,-34.28797694,146.0447694,1/01/2023
"Moama, NSW",4,4,4,7,30,14.7,10km,Major towns,-36.11112877,144.7560399,1/01/2023
"Wagga Wagga, NSW",4,4,14,75,98,29.2,10km,Major towns,-35.11753461,147.3600657,1/01/2023
"Batemans Bay, NSW",4,4,6,21,45,25.7,10km,Major towns,-35.72494275,150.1941396,1/01/2023
"Goulburn, NSW",4,4,9,40,64,33,10km,Major towns,-34.75542588,149.7137326,1/01/2023
"Colo Vale, NSW",4,4,4,9,30,16.6,10km,Major towns,-34.42143965,150.4771118,1/01/2023
"Jindabyne, NSW",4,4,5,20,40,22.1,10km,Major towns,-36.42756905,148.6215919,1/01/2023
"Merimbula, NSW",4,4,6,20,16,1,10km,Major towns,-36.8831024,149.9061706,1/01/2023
"Queanbeyan , NSW",4,4,9,40,60,16.3,10km,Major towns,-35.3569899,149.2197883,1/01/2023
"Yass, NSW",4,4,7,29,12,-0.8,10km,Major towns,-34.8375596,148.9069095,1/01/2023
"Young, NSW",4,4,4,17,30,11.7,10km,Major towns,-34.30614531,148.3016193,1/01/2023
"Bargo, NSW",4,4,4,7,25,6.99,10km,Major towns,-34.28504299,150.5783452,1/01/2023
"Douglas Park, NSW",4,4,4,14,15,9.7,10km,Major towns,-34.18668233,150.7169898,1/01/2023
"Jilliby, NSW",4,4,4,8,54.01,6.72,10km,Major towns,-33.23183162,151.4067649,1/01/2023
"Nowra, NSW",4,4,8,27,90,28.88,10km,Major towns,-34.8772319,150.6049967,1/01/2023
"Picton, NSW",4,4,7,26,35,10.19,10km,Major towns,-34.1729175,150.6085127,1/01/2023
"The Oaks, NSW",4,4,4,14,15,6.78,10km,Major towns,-34.08688186,150.5668705,1/01/2023
Lithgow,4,4,5,21,30,14.29,10km,Major towns,-33.4827328,150.1559295,1/01/2023
"Bega, NSW",4,4,4,8,30,15.1,20km,Journey enablement,-36.68056791,149.831479,1/01/2024
"Tarcutta, NSW",4,4,4,8,6.9,3.1,20km,Journey enablement,-35.28335431,147.7166748,1/01/2024
Buronga NSW,4,4,4,20,39.7,-2.4,20km,Journey enablement,-34.17329117,142.1898025,1/01/2024
"Hay, NSW",4,4,4,8,10,3.6,20km,Journey enablement,-34.50418411,144.8441586,1/01/2024
"Gunnedah, NSW",4,4,4,8,30,5.2,20km,Journey enablement,-30.97942441,150.2461079,1/01/2024
"Narrabri, NSW",4,4,4,24,30,13.7,20km,Journey enablement,-30.32802835,149.7786371,1/01/2024
"Coonabarabran, NSW",4,4,4,7,13,4.4,20km,Journey enablement,-31.27345491,149.2773256,1/01/2024
"Forbes, NSW",4,4,4,12,30,15.2,20km,Journey enablement,-33.36663735,148.0218351,1/01/2024
"Wilcannia, NSW",4,4,4,4,3.5,2.5,20km,Journey enablement,-31.55870878,143.3787463,1/01/2024
"Broken hills, NSW",4,4,4,4,88.2,45.5,20km,Journey enablement,-31.95125654,141.4629446,1/01/2024
"Nyngan, NSW",4,4,4,4,10,1.1,20km,Journey enablement,-31.55015706,147.1762086,1/01/2024
"Bourke, NSW",4,4,4,4,10,2.9,20km,Journey enablement,-30.09331095,145.9429621,1/01/2024
"Walgett, NSW",4,4,4,5,10,5.1,20km,Journey enablement,-30.0224736,148.1164745,1/01/2024
"Moree, NSW",4,4,4,19,30,10.9,20km,Journey enablement,-29.46292196,149.8357509,1/01/2024
"Glen innes, NSW",4,4,4,5,20,11.9,20km,Journey enablement,-29.73747398,151.7383796,1/01/2024
"Willow Tree, NSW",4,4,4,6,13.3,6.5,20km,Journey enablement,-31.63710229,150.7227959,1/01/2024
"Narrandera, NSW",4,4,4,7,16,2,20km,Journey enablement,-34.74012302,146.5559219,1/01/2024
"Mittagong-Bowral, NSW",4,4,8,43,25,7.19,10km,Major towns,-34.45081557,150.4489285,1/01/2024
"Cooma,NSW",4,4,4,11,20,7.1,20km,Journey enablement,-36.23450396,149.1268611,1/01/2024
"Cowra,NSW",4,4,4,19,30,8.5,20km,Journey enablement,-33.83453885,148.6812105,1/01/2024
"Parkes, NSW",4,4,4,17,30,10.4,20km,Journey enablement,-33.14172239,148.1720098,1/01/2024
"West wyalong, NSW",4,4,4,5,8,-1.1,20km,Journey enablement,-33.91874404,147.1935743,1/01/2024
"Gilgandra,NSW",4,4,4,6,12,5,20km,Journey enablement,-31.69868028,148.6651375,1/01/2024
"Muswellbrook,NSW",4,4,4,16,47.64,21.83,20km,Journey enablement,-32.27879643,150.8982537,1/01/2024
"Pooncarie, NSW",4,4,4,4,8,5.1,20km,Journey enablement,-33.38528348,142.5701108,1/01/2024
"Menindee, NSW",4,4,4,4,5,4,20km,Journey enablement,-32.39567165,142.4132163,1/01/2024
"Ivanhoe, NSW",4,4,4,4,1,-0.1,20km,Journey enablement,-32.9001224,144.3005299,1/01/2024
"Hillston, NSW",4,4,4,4,16,2.7,20km,Journey enablement,-33.48682563,145.5327784,1/01/2024
"Condobolin, NSW",4,4,4,4,10,1.5,20km,Journey enablement,-33.08801497,147.1521962,1/01/2024
"Jerilderie, NSW",4,4,4,8,10,6.3,20km,Journey enablement,-35.35527235,145.723215,1/01/2024
"Balranald, NSW",4,4,4,4,10,6.1,20km,Journey enablement,-34.64220389,143.5671508,1/01/2024
"Coonamble, NSW",4,4,4,4,10,3.8,20km,Journey enablement,-30.95759161,148.3884464,1/01/2024
"Dunedoo, NSW",4,4,4,4,10,4.5,20km,Journey enablement,-32.01615914,149.3979499,1/01/2024
"Inverell, NSW",4,4,4,15,30,7.9,20km,Journey enablement,-29.77427023,151.1109517,1/01/2024
"Barraba, NSW",4,4,4,4,5,2.4,20km,Journey enablement,-30.38247195,150.6096493,1/01/2024
"Temora, NSW",4,4,4,15,10,1.9,20km,Journey enablement,-34.44663402,147.5342991,1/01/2024
"Gundagai, NSW",4,4,4,16,8,1.8,20km,Journey enablement,-35.06151192,148.101348,1/01/2024
"Maclean, NSW",4,4,4,23,16,7,20km,Journey enablement,-29.46060498,153.2017825,1/01/2024
"Molong, NSW",4,4,4,7,4,-0.5,20km,Journey enablement,-33.09428677,148.8656758,1/01/2024
"Hermidale, NSW",4,4,4,4,10,1.1,20km,Journey enablement,-31.54825577,146.7243633,1/01/2024
"Emmdale, NSW",4,4,4,4,5,4.1,20km,Journey enablement,-31.65323367,144.2682742,1/01/2024
"Bilpin, NSW",4,4,4,4,15,0.68,20km,Journey enablement,-33.4979667,150.5213474,1/01/2024
"Little Topar, NSW",4,4,4,4,1.5,0.2,20km,Journey enablement,-31.7798724,142.2273978,1/01/2024
"Coolabah ,NSW",4,4,4,4,10,1.1,20km,Journey enablement,-31.0252105,146.7134536,1/01/2024
"Burren junction, NSW",4,4,4,4,5,2.9,20km,Journey enablement,-30.10402248,148.9687545,1/01/2024
"Goolgowi, NSW",4,4,4,4,16,2.7,20km,Journey enablement,-33.98007672,145.7078232,1/01/2024
"Lockhart, NSW",4,4,4,4,5,1.5,20km,Journey enablement,-35.22331375,146.7143683,1/01/2024
"Maude, NSW",4,4,4,4,30,16.8,20km,Journey enablement,-34.63309776,144.2898553,1/01/2024
"Henty, NSW",4,4,4,4,5,2.1,20km,Journey enablement,-35.51881128,147.035332,1/01/2024
"Holbrook, NSW",4,4,4,4,7,3.3,20km,Journey enablement,-35.71994885,147.316589,1/01/2024
"Deniliquin, NSW",4,4,4,4,30,6.8,20km,Journey enablement,-35.52758055,144.9648168,1/01/2024
Brewarrina NSW,4,4,4,4,8,5.3,20km,Journey enablement,-29.95976876,146.8548786,1/01/2024
"Collarenebri, NSW",4,4,4,4,5,2.3,20km,Journey enablement,-29.54576302,148.5766712,1/01/2024
"Ulladulla, NSW",4,4,4,4,30,4.91,20km,Journey enablement,-35.3579322,150.4740188,1/01/2024
"Narooma, NSW",4,4,4,4,12.5,5.6,20km,Journey enablement,-36.22224959,150.1274296,1/01/2024
"Bingara, NSW",4,4,4,4,3,0.4,20km,Journey enablement,-29.86676821,150.5711728,1/01/2024
"Euston, NSW",4,4,4,4,10,3.4,20km,Journey enablement,-34.57492649,142.7426138,1/01/2024
"Bathurst, NSW",5,4,13,59,115,47.8,10km,Major towns,-33.41196467,149.577495,1/01/2024
"Mudgee, NSW",4,4,9,39,30,1.1,10km,Major towns,-32.5960278,149.5826128,1/01/2024
"Orange, NSW",5,4,9,43,85,23.1,10km,Major towns,-33.27501442,149.0871633,1/01/2024
"Cobar, NSW",4,4,4,6,11,3.9,10km,Major towns,-31.49923264,145.8698973,1/01/2024
"Dubbo, NSW",6,4,19,89,138,48.8,10km,Major towns,-32.24685062,148.593704,1/01/2024
"Branxton, NSW",4,4,5,16,91.29,30.15,10km,Major towns,-32.65890452,151.3520237,1/01/2024
"Nelson Bay Peninsula, NSW",4,4,6,25,45.73,19.22,10km,Major towns,-32.71649559,152.1569676,1/01/2024
"Woodville, NSW",4,4,4,10,38.11,27.58,10km,Major towns,-32.67507971,151.6125853,1/01/2024
"Singleton, NSW",4,4,10,46,60.97,18.98,10km,Major towns,-32.55558784,151.1633237,1/01/2024
"Taree, NSW",4,4,8,30,45,14.8,10km,Major towns,-31.91235582,152.4625882,1/01/2024
"Williamtown, NSW",4,4,5,18,24.75,18.34,10km,Major towns,-32.81669587,151.8425142,1/01/2024
"Kiama, NSW",4,4,7,30,25,11.18,10km,Major towns,-34.66724838,150.849675,1/01/2024
"Armidale, NSW",5,4,13,65,28.5,6,10km,Major towns,-30.52284634,151.6569822,1/01/2024
"Tamworth, NSW",4,4,15,78,46,13.6,10km,Major towns,-31.08942105,150.9303527,1/01/2024
"Ballina, NSW",4,4,6,26,30,3.9,10km,Major towns,-28.85914979,153.564414,1/01/2024
"Byron Bay, NSW",4,4,10,47,75,44.4,10km,Major towns,-28.63753887,153.5925318,1/01/2024
"Coffs Harbour, NSW",4,4,10,41,76,29.3,10km,Major towns,-30.29646404,153.1135474,1/01/2024
"Grafton, NSW",4,4,6,19,25,8.3,10km,Major towns,-29.68712068,152.936531,1/01/2024
"Kingscliff, NSW",4,4,6,18,30,14.6,10km,Major towns,-28.26011013,153.5797429,1/01/2024
"Lennox Head, NSW",4,4,4,12,45,13.5,10km,Major towns,-28.79083743,153.585243,1/01/2024
"Lismore, NSW",4,4,7,30,78,38.3,10km,Major towns,-28.81477336,153.2858978,1/01/2024
"Port Macquarie, NSW",6,4,14,68,80,23.9,10km,Major towns,-31.4354193,152.8976597,1/01/2024
"Boambee, NSW",4,4,5,18,30,21,10km,Major towns,-30.33112267,153.0817941,1/01/2024
"Terranora, NSW",4,4,4,4,30,23.5,10km,Major towns,-28.24166615,153.5092115,1/01/2024
Tweed Heads,4,4,10,40,110,49,10km,Major towns,-28.18074858,153.5211111,1/01/2024
"Albury, NSW",4,4,10,48,197.9,58.4,10km,Major towns,-36.06521947,146.9398891,1/01/2024
"Griffith, NSW",4,4,7,29,87.5,34.8,10km,Major towns,-34.28797694,146.0447694,1/01/2024
"Moama, NSW",4,4,4,7,30,14.7,10km,Major towns,-36.11112877,144.7560399,1/01/2024
"Wagga Wagga, NSW",5,4,14,75,98,29.2,10km,Major towns,-35.11753461,147.3600657,1/01/2024
"Batemans Bay, NSW",4,4,6,21,45,25.7,10km,Major towns,-35.72494275,150.1941396,1/01/2024
"Goulburn, NSW",4,4,9,40,64,33,10km,Major towns,-34.75542588,149.7137326,1/01/2024
"Colo Vale, NSW",4,4,4,9,30,16.6,10km,Major towns,-34.42143965,150.4771118,1/01/2024
"Jindabyne, NSW",4,4,5,20,40,22.1,10km,Major towns,-36.42756905,148.6215919,1/01/2024
"Merimbula, NSW",4,4,6,20,16,1,10km,Major towns,-36.8831024,149.9061706,1/01/2024
"Queanbeyan , NSW",4,4,9,40,60,16.3,10km,Major towns,-35.3569899,149.2197883,1/01/2024
"Yass, NSW",4,4,7,29,12,-0.8,10km,Major towns,-34.8375596,148.9069095,1/01/2024
"Young, NSW",4,4,4,17,30,11.7,10km,Major towns,-34.30614531,148.3016193,1/01/2024
"Bargo, NSW",4,4,4,7,25,6.99,10km,Major towns,-34.28504299,150.5783452,1/01/2024
"Douglas Park, NSW",4,4,4,14,15,9.7,10km,Major towns,-34.18668233,150.7169898,1/01/2024
"Jilliby, NSW",4,4,4,8,54.01,6.72,10km,Major towns,-33.23183162,151.4067649,1/01/2024
"Nowra, NSW",4,4,8,27,90,28.88,10km,Major towns,-34.8772319,150.6049967,1/01/2024
"Picton, NSW",4,4,7,26,35,10.19,10km,Major towns,-34.1729175,150.6085127,1/01/2024
"The Oaks, NSW",4,4,4,14,15,6.78,10km,Major towns,-34.08688186,150.5668705,1/01/2024
Lithgow,4,4,5,21,30,14.29,10km,Major towns,-33.4827328,150.1559295,1/01/2024
"Bega, NSW",4,4,4,8,30,15.1,20km,Journey enablement,-36.68056791,149.831479,1/01/2025
"Tarcutta, NSW",4,4,4,8,6.9,3.1,20km,Journey enablement,-35.28335431,147.7166748,1/01/2025
Buronga NSW,4,4,4,20,39.7,-2.4,20km,Journey enablement,-34.17329117,142.1898025,1/01/2025
"Hay, NSW",4,4,4,8,10,3.6,20km,Journey enablement,-34.50418411,144.8441586,1/01/2025
"Gunnedah, NSW",4,4,4,8,30,5.2,20km,Journey enablement,-30.97942441,150.2461079,1/01/2025
"Narrabri, NSW",4,4,4,24,30,13.7,20km,Journey enablement,-30.32802835,149.7786371,1/01/2025
"Coonabarabran, NSW",4,4,4,7,13,4.4,20km,Journey enablement,-31.27345491,149.2773256,1/01/2025
"Forbes, NSW",4,4,4,12,30,15.2,20km,Journey enablement,-33.36663735,148.0218351,1/01/2025
"Wilcannia, NSW",4,4,4,4,3.5,2.5,20km,Journey enablement,-31.55870878,143.3787463,1/01/2025
"Broken hills, NSW",4,4,4,4,88.2,45.5,20km,Journey enablement,-31.95125654,141.4629446,1/01/2025
"Nyngan, NSW",4,4,4,4,10,1.1,20km,Journey enablement,-31.55015706,147.1762086,1/01/2025
"Bourke, NSW",4,4,4,4,10,2.9,20km,Journey enablement,-30.09331095,145.9429621,1/01/2025
"Walgett, NSW",4,4,4,5,10,5.1,20km,Journey enablement,-30.0224736,148.1164745,1/01/2025
"Moree, NSW",4,4,4,19,30,10.9,20km,Journey enablement,-29.46292196,149.8357509,1/01/2025
"Glen innes, NSW",4,4,4,5,20,11.9,20km,Journey enablement,-29.73747398,151.7383796,1/01/2025
"Willow Tree, NSW",4,4,4,6,13.3,6.5,20km,Journey enablement,-31.63710229,150.7227959,1/01/2025
"Narrandera, NSW",4,4,4,7,16,2,20km,Journey enablement,-34.74012302,146.5559219,1/01/2025
"Mittagong-Bowral, NSW",5,4,8,43,25,7.19,10km,Major towns,-34.45081557,150.4489285,1/01/2025
"Cooma,NSW",4,4,4,11,20,7.1,20km,Journey enablement,-36.23450396,149.1268611,1/01/2025
"Cowra,NSW",4,4,4,19,30,8.5,20km,Journey enablement,-33.83453885,148.6812105,1/01/2025
"Parkes, NSW",4,4,4,17,30,10.4,20km,Journey enablement,-33.14172239,148.1720098,1/01/2025
"West wyalong, NSW",4,4,4,5,8,-1.1,20km,Journey enablement,-33.91874404,147.1935743,1/01/2025
"Gilgandra,NSW",4,4,4,6,12,5,20km,Journey enablement,-31.69868028,148.6651375,1/01/2025
"Muswellbrook,NSW",4,4,4,16,47.64,21.83,20km,Journey enablement,-32.27879643,150.8982537,1/01/2025
"Pooncarie, NSW",4,4,4,4,8,5.1,20km,Journey enablement,-33.38528348,142.5701108,1/01/2025
"Menindee, NSW",4,4,4,4,5,4,20km,Journey enablement,-32.39567165,142.4132163,1/01/2025
"Ivanhoe, NSW",4,4,4,4,1,-0.1,20km,Journey enablement,-32.9001224,144.3005299,1/01/2025
"Hillston, NSW",4,4,4,4,16,2.7,20km,Journey enablement,-33.48682563,145.5327784,1/01/2025
"Condobolin, NSW",4,4,4,4,10,1.5,20km,Journey enablement,-33.08801497,147.1521962,1/01/2025
"Jerilderie, NSW",4,4,4,8,10,6.3,20km,Journey enablement,-35.35527235,145.723215,1/01/2025
"Balranald, NSW",4,4,4,4,10,6.1,20km,Journey enablement,-34.64220389,143.5671508,1/01/2025
"Coonamble, NSW",4,4,4,4,10,3.8,20km,Journey enablement,-30.95759161,148.3884464,1/01/2025
"Dunedoo, NSW",4,4,4,4,10,4.5,20km,Journey enablement,-32.01615914,149.3979499,1/01/2025
"Inverell, NSW",4,4,4,15,30,7.9,20km,Journey enablement,-29.77427023,151.1109517,1/01/2025
"Barraba, NSW",4,4,4,4,5,2.4,20km,Journey enablement,-30.38247195,150.6096493,1/01/2025
"Temora, NSW",4,4,4,15,10,1.9,20km,Journey enablement,-34.44663402,147.5342991,1/01/2025
"Gundagai, NSW",4,4,4,16,8,1.8,20km,Journey enablement,-35.06151192,148.101348,1/01/2025
"Maclean, NSW",4,4,4,23,16,7,20km,Journey enablement,-29.46060498,153.2017825,1/01/2025
"Molong, NSW",4,4,4,7,4,-0.5,20km,Journey enablement,-33.09428677,148.8656758,1/01/2025
"Hermidale, NSW",4,4,4,4,10,1.1,20km,Journey enablement,-31.54825577,146.7243633,1/01/2025
"Emmdale, NSW",4,4,4,4,5,4.1,20km,Journey enablement,-31.65323367,144.2682742,1/01/2025
"Bilpin, NSW",4,4,4,4,15,0.68,20km,Journey enablement,-33.4979667,150.5213474,1/01/2025
"Little Topar, NSW",4,4,4,4,1.5,0.2,20km,Journey enablement,-31.7798724,142.2273978,1/01/2025
"Coolabah ,NSW",4,4,4,4,10,1.1,20km,Journey enablement,-31.0252105,146.7134536,1/01/2025
"Burren junction, NSW",4,4,4,4,5,2.9,20km,Journey enablement,-30.10402248,148.9687545,1/01/2025
"Goolgowi, NSW",4,4,4,4,16,2.7,20km,Journey enablement,-33.98007672,145.7078232,1/01/2025
"Lockhart, NSW",4,4,4,4,5,1.5,20km,Journey enablement,-35.22331375,146.7143683,1/01/2025
"Maude, NSW",4,4,4,4,30,16.8,20km,Journey enablement,-34.63309776,144.2898553,1/01/2025
"Henty, NSW",4,4,4,4,5,2.1,20km,Journey enablement,-35.51881128,147.035332,1/01/2025
"Holbrook, NSW",4,4,4,4,7,3.3,20km,Journey enablement,-35.71994885,147.316589,1/01/2025
"Deniliquin, NSW",4,4,4,4,30,6.8,20km,Journey enablement,-35.52758055,144.9648168,1/01/2025
Brewarrina NSW,4,4,4,4,8,5.3,20km,Journey enablement,-29.95976876,146.8548786,1/01/2025
"Collarenebri, NSW",4,4,4,4,5,2.3,20km,Journey enablement,-29.54576302,148.5766712,1/01/2025
"Ulladulla, NSW",4,4,4,4,30,4.91,20km,Journey enablement,-35.3579322,150.4740188,1/01/2025
"Narooma, NSW",4,4,4,4,12.5,5.6,20km,Journey enablement,-36.22224959,150.1274296,1/01/2025
"Bingara, NSW",4,4,4,4,3,0.4,20km,Journey enablement,-29.86676821,150.5711728,1/01/2025
"Euston, NSW",4,4,4,4,10,3.4,20km,Journey enablement,-34.57492649,142.7426138,1/01/2025
"Bathurst, NSW",9,4,13,59,115,47.8,10km,Major towns,-33.41196467,149.577495,1/01/2025
"Mudgee, NSW",5,4,9,39,30,1.1,10km,Major towns,-32.5960278,149.5826128,1/01/2025
"Orange, NSW",6,4,9,43,85,23.1,10km,Major towns,-33.27501442,149.0871633,1/01/2025
"Cobar, NSW",4,4,4,6,11,3.9,10km,Major towns,-31.49923264,145.8698973,1/01/2025
"Dubbo, NSW",11,4,19,89,138,48.8,10km,Major towns,-32.24685062,148.593704,1/01/2025
"Branxton, NSW",4,4,5,16,91.29,30.15,10km,Major towns,-32.65890452,151.3520237,1/01/2025
"Nelson Bay Peninsula, NSW",5,4,6,25,45.73,19.22,10km,Major towns,-32.71649559,152.1569676,1/01/2025
"Woodville, NSW",4,4,4,10,38.11,27.58,10km,Major towns,-32.67507971,151.6125853,1/01/2025
"Singleton, NSW",7,4,10,46,60.97,18.98,10km,Major towns,-32.55558784,151.1633237,1/01/2025
"Taree, NSW",6,4,8,30,45,14.8,10km,Major towns,-31.91235582,152.4625882,1/01/2025
"Williamtown, NSW",4,4,5,18,24.75,18.34,10km,Major towns,-32.81669587,151.8425142,1/01/2025
"Kiama, NSW",5,4,7,30,25,11.18,10km,Major towns,-34.66724838,150.849675,1/01/2025
"Armidale, NSW",8,4,13,65,28.5,6,10km,Major towns,-30.52284634,151.6569822,1/01/2025
"Tamworth, NSW",6,4,15,78,46,13.6,10km,Major towns,-31.08942105,150.9303527,1/01/2025
"Ballina, NSW",5,4,6,26,30,3.9,10km,Major towns,-28.85914979,153.564414,1/01/2025
"Byron Bay, NSW",6,4,10,47,75,44.4,10km,Major towns,-28.63753887,153.5925318,1/01/2025
"Coffs Harbour, NSW",6,4,10,41,76,29.3,10km,Major towns,-30.29646404,153.1135474,1/01/2025
"Grafton, NSW",4,4,6,19,25,8.3,10km,Major towns,-29.68712068,152.936531,1/01/2025
"Kingscliff, NSW",4,4,6,18,30,14.6,10km,Major towns,-28.26011013,153.5797429,1/01/2025
"Lennox Head, NSW",4,4,4,12,45,13.5,10km,Major towns,-28.79083743,153.585243,1/01/2025
"Lismore, NSW",5,4,7,30,78,38.3,10km,Major towns,-28.81477336,153.2858978,1/01/2025
"Port Macquarie, NSW",10,4,14,68,80,23.9,10km,Major towns,-31.4354193,152.8976597,1/01/2025
"Boambee, NSW",4,4,5,18,30,21,10km,Major towns,-30.33112267,153.0817941,1/01/2025
"Terranora, NSW",4,4,4,4,30,23.5,10km,Major towns,-28.24166615,153.5092115,1/01/2025
Tweed Heads,6,4,10,40,110,49,10km,Major towns,-28.18074858,153.5211111,1/01/2025
"Albury, NSW",7,4,10,48,197.9,58.4,10km,Major towns,-36.06521947,146.9398891,1/01/2025
"Griffith, NSW",5,4,7,29,87.5,34.8,10km,Major towns,-34.28797694,146.0447694,1/01/2025
"Moama, NSW",4,4,4,7,30,14.7,10km,Major towns,-36.11112877,144.7560399,1/01/2025
"Wagga Wagga, NSW",10,4,14,75,98,29.2,10km,Major towns,-35.11753461,147.3600657,1/01/2025
"Batemans Bay, NSW",5,4,6,21,45,25.7,10km,Major towns,-35.72494275,150.1941396,1/01/2025
"Goulburn, NSW",5,4,9,40,64,33,10km,Major towns,-34.75542588,149.7137326,1/01/2025
"Colo Vale, NSW",4,4,4,9,30,16.6,10km,Major towns,-34.42143965,150.4771118,1/01/2025
"Jindabyne, NSW",4,4,5,20,40,22.1,10km,Major towns,-36.42756905,148.6215919,1/01/2025
"Merimbula, NSW",5,4,6,20,16,1,10km,Major towns,-36.8831024,149.9061706,1/01/2025
"Queanbeyan , NSW",6,4,9,40,60,16.3,10km,Major towns,-35.3569899,149.2197883,1/01/2025
"Yass, NSW",5,4,7,29,12,-0.8,10km,Major towns,-34.8375596,148.9069095,1/01/2025
"Young, NSW",4,4,4,17,30,11.7,10km,Major towns,-34.30614531,148.3016193,1/01/2025
"Bargo, NSW",4,4,4,7,25,6.99,10km,Major towns,-34.28504299,150.5783452,1/01/2025
"Douglas Park, NSW",4,4,4,14,15,9.7,10km,Major towns,-34.18668233,150.7169898,1/01/2025
"Jilliby, NSW",4,4,4,8,54.01,6.72,10km,Major towns,-33.23183162,151.4067649,1/01/2025
"Nowra, NSW",5,4,8,27,90,28.88,10km,Major towns,-34.8772319,150.6049967,1/01/2025
"Picton, NSW",4,4,7,26,35,10.19,10km,Major towns,-34.1729175,150.6085127,1/01/2025
"The Oaks, NSW",4,4,4,14,15,6.78,10km,Major towns,-34.08688186,150.5668705,1/01/2025
Lithgow,4,4,5,21,30,14.29,10km,Major towns,-33.4827328,150.1559295,1/01/2025
"Bega, NSW",4,4,4,8,30,15.1,20km,Journey enablement,-36.68056791,149.831479,1/01/2026
"Tarcutta, NSW",4,4,4,8,6.9,3.1,20km,Journey enablement,-35.28335431,147.7166748,1/01/2026
Buronga NSW,4,4,4,20,39.7,-2.4,20km,Journey enablement,-34.17329117,142.1898025,1/01/2026
"Hay, NSW",4,4,4,8,10,3.6,20km,Journey enablement,-34.50418411,144.8441586,1/01/2026
"Gunnedah, NSW",4,4,4,8,30,5.2,20km,Journey enablement,-30.97942441,150.2461079,1/01/2026
"Narrabri, NSW",4,4,4,24,30,13.7,20km,Journey enablement,-30.32802835,149.7786371,1/01/2026
"Coonabarabran, NSW",4,4,4,7,13,4.4,20km,Journey enablement,-31.27345491,149.2773256,1/01/2026
"Forbes, NSW",4,4,4,12,30,15.2,20km,Journey enablement,-33.36663735,148.0218351,1/01/2026
"Wilcannia, NSW",4,4,4,4,3.5,2.5,20km,Journey enablement,-31.55870878,143.3787463,1/01/2026
"Broken hills, NSW",4,4,4,4,88.2,45.5,20km,Journey enablement,-31.95125654,141.4629446,1/01/2026
"Nyngan, NSW",4,4,4,4,10,1.1,20km,Journey enablement,-31.55015706,147.1762086,1/01/2026
"Bourke, NSW",4,4,4,4,10,2.9,20km,Journey enablement,-30.09331095,145.9429621,1/01/2026
"Walgett, NSW",4,4,4,5,10,5.1,20km,Journey enablement,-30.0224736,148.1164745,1/01/2026
"Moree, NSW",4,4,4,19,30,10.9,20km,Journey enablement,-29.46292196,149.8357509,1/01/2026
"Glen innes, NSW",4,4,4,5,20,11.9,20km,Journey enablement,-29.73747398,151.7383796,1/01/2026
"Willow Tree, NSW",4,4,4,6,13.3,6.5,20km,Journey enablement,-31.63710229,150.7227959,1/01/2026
"Narrandera, NSW",4,4,4,7,16,2,20km,Journey enablement,-34.74012302,146.5559219,1/01/2026
"Mittagong-Bowral, NSW",8,4,8,43,25,7.19,10km,Major towns,-34.45081557,150.4489285,1/01/2026
"Cooma,NSW",4,4,4,11,20,7.1,20km,Journey enablement,-36.23450396,149.1268611,1/01/2026
"Cowra,NSW",4,4,4,19,30,8.5,20km,Journey enablement,-33.83453885,148.6812105,1/01/2026
"Parkes, NSW",4,4,4,17,30,10.4,20km,Journey enablement,-33.14172239,148.1720098,1/01/2026
"West wyalong, NSW",4,4,4,5,8,-1.1,20km,Journey enablement,-33.91874404,147.1935743,1/01/2026
"Gilgandra,NSW",4,4,4,6,12,5,20km,Journey enablement,-31.69868028,148.6651375,1/01/2026
"Muswellbrook,NSW",4,4,4,16,47.64,21.83,20km,Journey enablement,-32.27879643,150.8982537,1/01/2026
"Pooncarie, NSW",4,4,4,4,8,5.1,20km,Journey enablement,-33.38528348,142.5701108,1/01/2026
"Menindee, NSW",4,4,4,4,5,4,20km,Journey enablement,-32.39567165,142.4132163,1/01/2026
"Ivanhoe, NSW",4,4,4,4,1,-0.1,20km,Journey enablement,-32.9001224,144.3005299,1/01/2026
"Hillston, NSW",4,4,4,4,16,2.7,20km,Journey enablement,-33.48682563,145.5327784,1/01/2026
"Condobolin, NSW",4,4,4,4,10,1.5,20km,Journey enablement,-33.08801497,147.1521962,1/01/2026
"Jerilderie, NSW",4,4,4,8,10,6.3,20km,Journey enablement,-35.35527235,145.723215,1/01/2026
"Balranald, NSW",4,4,4,4,10,6.1,20km,Journey enablement,-34.64220389,143.5671508,1/01/2026
"Coonamble, NSW",4,4,4,4,10,3.8,20km,Journey enablement,-30.95759161,148.3884464,1/01/2026
"Dunedoo, NSW",4,4,4,4,10,4.5,20km,Journey enablement,-32.01615914,149.3979499,1/01/2026
"Inverell, NSW",4,4,4,15,30,7.9,20km,Journey enablement,-29.77427023,151.1109517,1/01/2026
"Barraba, NSW",4,4,4,4,5,2.4,20km,Journey enablement,-30.38247195,150.6096493,1/01/2026
"Temora, NSW",4,4,4,15,10,1.9,20km,Journey enablement,-34.44663402,147.5342991,1/01/2026
"Gundagai, NSW",4,4,4,16,8,1.8,20km,Journey enablement,-35.06151192,148.101348,1/01/2026
"Maclean, NSW",4,4,4,23,16,7,20km,Journey enablement,-29.46060498,153.2017825,1/01/2026
"Molong, NSW",4,4,4,7,4,-0.5,20km,Journey enablement,-33.09428677,148.8656758,1/01/2026
"Hermidale, NSW",4,4,4,4,10,1.1,20km,Journey enablement,-31.54825577,146.7243633,1/01/2026
"Emmdale, NSW",4,4,4,4,5,4.1,20km,Journey enablement,-31.65323367,144.2682742,1/01/2026
"Bilpin, NSW",4,4,4,4,15,0.68,20km,Journey enablement,-33.4979667,150.5213474,1/01/2026
"Little Topar, NSW",4,4,4,4,1.5,0.2,20km,Journey enablement,-31.7798724,142.2273978,1/01/2026
"Coolabah ,NSW",4,4,4,4,10,1.1,20km,Journey enablement,-31.0252105,146.7134536,1/01/2026
"Burren junction, NSW",4,4,4,4,5,2.9,20km,Journey enablement,-30.10402248,148.9687545,1/01/2026
"Goolgowi, NSW",4,4,4,4,16,2.7,20km,Journey enablement,-33.98007672,145.7078232,1/01/2026
"Lockhart, NSW",4,4,4,4,5,1.5,20km,Journey enablement,-35.22331375,146.7143683,1/01/2026
"Maude, NSW",4,4,4,4,30,16.8,20km,Journey enablement,-34.63309776,144.2898553,1/01/2026
"Henty, NSW",4,4,4,4,5,2.1,20km,Journey enablement,-35.51881128,147.035332,1/01/2026
"Holbrook, NSW",4,4,4,4,7,3.3,20km,Journey enablement,-35.71994885,147.316589,1/01/2026
"Deniliquin, NSW",4,4,4,4,30,6.8,20km,Journey enablement,-35.52758055,144.9648168,1/01/2026
Brewarrina NSW,4,4,4,4,8,5.3,20km,Journey enablement,-29.95976876,146.8548786,1/01/2026
"Collarenebri, NSW",4,4,4,4,5,2.3,20km,Journey enablement,-29.54576302,148.5766712,1/01/2026
"Ulladulla, NSW",4,4,4,4,30,4.91,20km,Journey enablement,-35.3579322,150.4740188,1/01/2026
"Narooma, NSW",4,4,4,4,12.5,5.6,20km,Journey enablement,-36.22224959,150.1274296,1/01/2026
"Bingara, NSW",4,4,4,4,3,0.4,20km,Journey enablement,-29.86676821,150.5711728,1/01/2026
"Euston, NSW",4,4,4,4,10,3.4,20km,Journey enablement,-34.57492649,142.7426138,1/01/2026
"Bathurst, NSW",13,4,13,59,115,47.8,10km,Major towns,-33.41196467,149.577495,1/01/2026
"Mudgee, NSW",9,4,9,39,30,1.1,10km,Major towns,-32.5960278,149.5826128,1/01/2026
"Orange, NSW",9,4,9,43,85,23.1,10km,Major towns,-33.27501442,149.0871633,1/01/2026
"Cobar, NSW",4,4,4,6,11,3.9,10km,Major towns,-31.49923264,145.8698973,1/01/2026
"Dubbo, NSW",19,4,19,89,138,48.8,10km,Major towns,-32.24685062,148.593704,1/01/2026
"Branxton, NSW",5,4,5,16,91.29,30.15,10km,Major towns,-32.65890452,151.3520237,1/01/2026
"Nelson Bay Peninsula, NSW",6,4,6,25,45.73,19.22,10km,Major towns,-32.71649559,152.1569676,1/01/2026
"Woodville, NSW",4,4,4,10,38.11,27.58,10km,Major towns,-32.67507971,151.6125853,1/01/2026
"Singleton, NSW",10,4,10,46,60.97,18.98,10km,Major towns,-32.55558784,151.1633237,1/01/2026
"Taree, NSW",8,4,8,30,45,14.8,10km,Major towns,-31.91235582,152.4625882,1/01/2026
"Williamtown, NSW",5,4,5,18,24.75,18.34,10km,Major towns,-32.81669587,151.8425142,1/01/2026
"Kiama, NSW",7,4,7,30,25,11.18,10km,Major towns,-34.66724838,150.849675,1/01/2026
"Armidale, NSW",13,4,13,65,28.5,6,10km,Major towns,-30.52284634,151.6569822,1/01/2026
"Tamworth, NSW",9,4,15,78,46,13.6,10km,Major towns,-31.08942105,150.9303527,1/01/2026
"Ballina, NSW",6,4,6,26,30,3.9,10km,Major towns,-28.85914979,153.564414,1/01/2026
"Byron Bay, NSW",10,4,10,47,75,44.4,10km,Major towns,-28.63753887,153.5925318,1/01/2026
"Coffs Harbour, NSW",10,4,10,41,76,29.3,10km,Major towns,-30.29646404,153.1135474,1/01/2026
"Grafton, NSW",6,4,6,19,25,8.3,10km,Major towns,-29.68712068,152.936531,1/01/2026
"Kingscliff, NSW",6,4,6,18,30,14.6,10km,Major towns,-28.26011013,153.5797429,1/01/2026
"Lennox Head, NSW",4,4,4,12,45,13.5,10km,Major towns,-28.79083743,153.585243,1/01/2026
"Lismore, NSW",7,4,7,30,78,38.3,10km,Major towns,-28.81477336,153.2858978,1/01/2026
"Port Macquarie, NSW",14,4,14,68,80,23.9,10km,Major towns,-31.4354193,152.8976597,1/01/2026
"Boambee, NSW",5,4,5,18,30,21,10km,Major towns,-30.33112267,153.0817941,1/01/2026
"Terranora, NSW",4,4,4,4,30,23.5,10km,Major towns,-28.24166615,153.5092115,1/01/2026
Tweed Heads,10,4,10,40,110,49,10km,Major towns,-28.18074858,153.5211111,1/01/2026
"Albury, NSW",10,4,10,48,197.9,58.4,10km,Major towns,-36.06521947,146.9398891,1/01/2026
"Griffith, NSW",7,4,7,29,87.5,34.8,10km,Major towns,-34.28797694,146.0447694,1/01/2026
"Moama, NSW",4,4,4,7,30,14.7,10km,Major towns,-36.11112877,144.7560399,1/01/2026
"Wagga Wagga, NSW",14,4,14,75,98,29.2,10km,Major towns,-35.11753461,147.3600657,1/01/2026
"Batemans Bay, NSW",6,4,6,21,45,25.7,10km,Major towns,-35.72494275,150.1941396,1/01/2026
"Goulburn, NSW",9,4,9,40,64,33,10km,Major towns,-34.75542588,149.7137326,1/01/2026
"Colo Vale, NSW",4,4,4,9,30,16.6,10km,Major towns,-34.42143965,150.4771118,1/01/2026
"Jindabyne, NSW",5,4,5,20,40,22.1,10km,Major towns,-36.42756905,148.6215919,1/01/2026
"Merimbula, NSW",6,4,6,20,16,1,10km,Major towns,-36.8831024,149.9061706,1/01/2026
"Queanbeyan , NSW",9,4,9,40,60,16.3,10km,Major towns,-35.3569899,149.2197883,1/01/2026
"Yass, NSW",7,4,7,29,12,-0.8,10km,Major towns,-34.8375596,148.9069095,1/01/2026
"Young, NSW",4,4,4,17,30,11.7,10km,Major towns,-34.30614531,148.3016193,1/01/2026
"Bargo, NSW",4,4,4,7,25,6.99,10km,Major towns,-34.28504299,150.5783452,1/01/2026
"Douglas Park, NSW",4,4,4,14,15,9.7,10km,Major towns,-34.18668233,150.7169898,1/01/2026
"Jilliby, NSW",4,4,4,8,54.01,6.72,10km,Major towns,-33.23183162,151.4067649,1/01/2026
"Nowra, NSW",8,4,8,27,90,28.88,10km,Major towns,-34.8772319,150.6049967,1/01/2026
"Picton, NSW",7,4,7,26,35,10.19,10km,Major towns,-34.1729175,150.6085127,1/01/2026
"The Oaks, NSW",4,4,4,14,15,6.78,10km,Major towns,-34.08688186,150.5668705,1/01/2026
Lithgow,5,4,5,21,30,14.29,10km,Major towns,-33.4827328,150.1559295,1/01/2026
"Bega, NSW",4,4,4,8,30,15.1,20km,Journey enablement,-36.68056791,149.831479,1/01/2027
"Tarcutta, NSW",4,4,4,8,6.9,3.1,20km,Journey enablement,-35.28335431,147.7166748,1/01/2027
Buronga NSW,5,4,4,20,39.7,-2.4,20km,Journey enablement,-34.17329117,142.1898025,1/01/2027
"Hay, NSW",4,4,4,8,10,3.6,20km,Journey enablement,-34.50418411,144.8441586,1/01/2027
"Gunnedah, NSW",4,4,4,8,30,5.2,20km,Journey enablement,-30.97942441,150.2461079,1/01/2027
"Narrabri, NSW",7,4,4,24,30,13.7,20km,Journey enablement,-30.32802835,149.7786371,1/01/2027
"Coonabarabran, NSW",4,4,4,7,13,4.4,20km,Journey enablement,-31.27345491,149.2773256,1/01/2027
"Forbes, NSW",4,4,4,12,30,15.2,20km,Journey enablement,-33.36663735,148.0218351,1/01/2027
"Wilcannia, NSW",4,4,4,4,3.5,2.5,20km,Journey enablement,-31.55870878,143.3787463,1/01/2027
"Broken hills, NSW",4,4,4,4,88.2,45.5,20km,Journey enablement,-31.95125654,141.4629446,1/01/2027
"Nyngan, NSW",4,4,4,4,10,1.1,20km,Journey enablement,-31.55015706,147.1762086,1/01/2027
"Bourke, NSW",4,4,4,4,10,2.9,20km,Journey enablement,-30.09331095,145.9429621,1/01/2027
"Walgett, NSW",4,4,4,5,10,5.1,20km,Journey enablement,-30.0224736,148.1164745,1/01/2027
"Moree, NSW",5,4,4,19,30,10.9,20km,Journey enablement,-29.46292196,149.8357509,1/01/2027
"Glen innes, NSW",4,4,4,5,20,11.9,20km,Journey enablement,-29.73747398,151.7383796,1/01/2027
"Willow Tree, NSW",4,4,4,6,13.3,6.5,20km,Journey enablement,-31.63710229,150.7227959,1/01/2027
"Narrandera, NSW",4,4,4,7,16,2,20km,Journey enablement,-34.74012302,146.5559219,1/01/2027
"Mittagong-Bowral, NSW",12,4,8,43,25,7.19,10km,Major towns,-34.45081557,150.4489285,1/01/2027
"Cooma,NSW",4,4,4,11,20,7.1,20km,Journey enablement,-36.23450396,149.1268611,1/01/2027
"Cowra,NSW",5,4,4,19,30,8.5,20km,Journey enablement,-33.83453885,148.6812105,1/01/2027
"Parkes, NSW",5,4,4,17,30,10.4,20km,Journey enablement,-33.14172239,148.1720098,1/01/2027
"West wyalong, NSW",4,4,4,5,8,-1.1,20km,Journey enablement,-33.91874404,147.1935743,1/01/2027
"Gilgandra,NSW",4,4,4,6,12,5,20km,Journey enablement,-31.69868028,148.6651375,1/01/2027
"Muswellbrook,NSW",4,4,4,16,47.64,21.83,20km,Journey enablement,-32.27879643,150.8982537,1/01/2027
"Pooncarie, NSW",4,4,4,4,8,5.1,20km,Journey enablement,-33.38528348,142.5701108,1/01/2027
"Menindee, NSW",4,4,4,4,5,4,20km,Journey enablement,-32.39567165,142.4132163,1/01/2027
"Ivanhoe, NSW",4,4,4,4,1,-0.1,20km,Journey enablement,-32.9001224,144.3005299,1/01/2027
"Hillston, NSW",4,4,4,4,16,2.7,20km,Journey enablement,-33.48682563,145.5327784,1/01/2027
"Condobolin, NSW",4,4,4,4,10,1.5,20km,Journey enablement,-33.08801497,147.1521962,1/01/2027
"Jerilderie, NSW",4,4,4,8,10,6.3,20km,Journey enablement,-35.35527235,145.723215,1/01/2027
"Balranald, NSW",4,4,4,4,10,6.1,20km,Journey enablement,-34.64220389,143.5671508,1/01/2027
"Coonamble, NSW",4,4,4,4,10,3.8,20km,Journey enablement,-30.95759161,148.3884464,1/01/2027
"Dunedoo, NSW",4,4,4,4,10,4.5,20km,Journey enablement,-32.01615914,149.3979499,1/01/2027
"Inverell, NSW",4,4,4,15,30,7.9,20km,Journey enablement,-29.77427023,151.1109517,1/01/2027
"Barraba, NSW",4,4,4,4,5,2.4,20km,Journey enablement,-30.38247195,150.6096493,1/01/2027
"Temora, NSW",4,4,4,15,10,1.9,20km,Journey enablement,-34.44663402,147.5342991,1/01/2027
"Gundagai, NSW",4,4,4,16,8,1.8,20km,Journey enablement,-35.06151192,148.101348,1/01/2027
"Maclean, NSW",6,4,4,23,16,7,20km,Journey enablement,-29.46060498,153.2017825,1/01/2027
"Molong, NSW",4,4,4,7,4,-0.5,20km,Journey enablement,-33.09428677,148.8656758,1/01/2027
"Hermidale, NSW",4,4,4,4,10,1.1,20km,Journey enablement,-31.54825577,146.7243633,1/01/2027
"Emmdale, NSW",4,4,4,4,5,4.1,20km,Journey enablement,-31.65323367,144.2682742,1/01/2027
"Bilpin, NSW",4,4,4,4,15,0.68,20km,Journey enablement,-33.4979667,150.5213474,1/01/2027
"Little Topar, NSW",4,4,4,4,1.5,0.2,20km,Journey enablement,-31.7798724,142.2273978,1/01/2027
"Coolabah ,NSW",4,4,4,4,10,1.1,20km,Journey enablement,-31.0252105,146.7134536,1/01/2027
"Burren junction, NSW",4,4,4,4,5,2.9,20km,Journey enablement,-30.10402248,148.9687545,1/01/2027
"Goolgowi, NSW",4,4,4,4,16,2.7,20km,Journey enablement,-33.98007672,145.7078232,1/01/2027
"Lockhart, NSW",4,4,4,4,5,1.5,20km,Journey enablement,-35.22331375,146.7143683,1/01/2027
"Maude, NSW",4,4,4,4,30,16.8,20km,Journey enablement,-34.63309776,144.2898553,1/01/2027
"Henty, NSW",4,4,4,4,5,2.1,20km,Journey enablement,-35.51881128,147.035332,1/01/2027
"Holbrook, NSW",4,4,4,4,7,3.3,20km,Journey enablement,-35.71994885,147.316589,1/01/2027
"Deniliquin, NSW",4,4,4,4,30,6.8,20km,Journey enablement,-35.52758055,144.9648168,1/01/2027
Brewarrina NSW,4,4,4,4,8,5.3,20km,Journey enablement,-29.95976876,146.8548786,1/01/2027
"Collarenebri, NSW",4,4,4,4,5,2.3,20km,Journey enablement,-29.54576302,148.5766712,1/01/2027
"Ulladulla, NSW",4,4,4,4,30,4.91,20km,Journey enablement,-35.3579322,150.4740188,1/01/2027
"Narooma, NSW",4,4,4,4,12.5,5.6,20km,Journey enablement,-36.22224959,150.1274296,1/01/2027
"Bingara, NSW",4,4,4,4,3,0.4,20km,Journey enablement,-29.86676821,150.5711728,1/01/2027
"Euston, NSW",4,4,4,4,10,3.4,20km,Journey enablement,-34.57492649,142.7426138,1/01/2027
"Bathurst, NSW",18,4,13,59,115,47.8,10km,Major towns,-33.41196467,149.577495,1/01/2027
"Mudgee, NSW",13,4,9,39,30,1.1,10km,Major towns,-32.5960278,149.5826128,1/01/2027
"Orange, NSW",13,4,9,43,85,23.1,10km,Major towns,-33.27501442,149.0871633,1/01/2027
"Cobar, NSW",4,4,4,6,11,3.9,10km,Major towns,-31.49923264,145.8698973,1/01/2027
"Dubbo, NSW",25,4,19,89,138,48.8,10km,Major towns,-32.24685062,148.593704,1/01/2027
"Branxton, NSW",6,4,5,16,91.29,30.15,10km,Major towns,-32.65890452,151.3520237,1/01/2027
"Nelson Bay Peninsula, NSW",8,4,6,25,45.73,19.22,10km,Major towns,-32.71649559,152.1569676,1/01/2027
"Woodville, NSW",4,4,4,10,38.11,27.58,10km,Major towns,-32.67507971,151.6125853,1/01/2027
"Singleton, NSW",14,4,10,46,60.97,18.98,10km,Major towns,-32.55558784,151.1633237,1/01/2027
"Taree, NSW",10,4,8,30,45,14.8,10km,Major towns,-31.91235582,152.4625882,1/01/2027
"Williamtown, NSW",7,4,5,18,24.75,18.34,10km,Major towns,-32.81669587,151.8425142,1/01/2027
"Kiama, NSW",9,4,7,30,25,11.18,10km,Major towns,-34.66724838,150.849675,1/01/2027
"Armidale, NSW",19,4,13,65,28.5,6,10km,Major towns,-30.52284634,151.6569822,1/01/2027
"Tamworth, NSW",12,4,15,78,46,13.6,10km,Major towns,-31.08942105,150.9303527,1/01/2027
"Ballina, NSW",8,4,6,26,30,3.9,10km,Major towns,-28.85914979,153.564414,1/01/2027
"Byron Bay, NSW",14,4,10,47,75,44.4,10km,Major towns,-28.63753887,153.5925318,1/01/2027
"Coffs Harbour, NSW",13,4,10,41,76,29.3,10km,Major towns,-30.29646404,153.1135474,1/01/2027
"Grafton, NSW",7,4,6,19,25,8.3,10km,Major towns,-29.68712068,152.936531,1/01/2027
"Kingscliff, NSW",7,4,6,18,30,14.6,10km,Major towns,-28.26011013,153.5797429,1/01/2027
"Lennox Head, NSW",4,4,4,12,45,13.5,10km,Major towns,-28.79083743,153.585243,1/01/2027
"Lismore, NSW",9,4,7,30,78,38.3,10km,Major towns,-28.81477336,153.2858978,1/01/2027
"Port Macquarie, NSW",20,4,14,68,80,23.9,10km,Major towns,-31.4354193,152.8976597,1/01/2027
"Boambee, NSW",7,4,5,18,30,21,10km,Major towns,-30.33112267,153.0817941,1/01/2027
"Terranora, NSW",4,4,4,4,30,23.5,10km,Major towns,-28.24166615,153.5092115,1/01/2027
Tweed Heads,12,4,10,40,110,49,10km,Major towns,-28.18074858,153.5211111,1/01/2027
"Albury, NSW",14,4,10,48,197.9,58.4,10km,Major towns,-36.06521947,146.9398891,1/01/2027
"Griffith, NSW",8,4,7,29,87.5,34.8,10km,Major towns,-34.28797694,146.0447694,1/01/2027
"Moama, NSW",4,4,4,7,30,14.7,10km,Major towns,-36.11112877,144.7560399,1/01/2027
"Wagga Wagga, NSW",22,4,14,75,98,29.2,10km,Major towns,-35.11753461,147.3600657,1/01/2027
"Batemans Bay, NSW",8,4,6,21,45,25.7,10km,Major towns,-35.72494275,150.1941396,1/01/2027
"Goulburn, NSW",12,4,9,40,64,33,10km,Major towns,-34.75542588,149.7137326,1/01/2027
"Colo Vale, NSW",4,4,4,9,30,16.6,10km,Major towns,-34.42143965,150.4771118,1/01/2027
"Jindabyne, NSW",7,4,5,20,40,22.1,10km,Major towns,-36.42756905,148.6215919,1/01/2027
"Merimbula, NSW",8,4,6,20,16,1,10km,Major towns,-36.8831024,149.9061706,1/01/2027
"Queanbeyan , NSW",11,4,9,40,60,16.3,10km,Major towns,-35.3569899,149.2197883,1/01/2027
"Yass, NSW",9,4,7,29,12,-0.8,10km,Major towns,-34.8375596,148.9069095,1/01/2027
"Young, NSW",7,4,4,17,30,11.7,10km,Major towns,-34.30614531,148.3016193,1/01/2027
"Bargo, NSW",4,4,4,7,25,6.99,10km,Major towns,-34.28504299,150.5783452,1/01/2027
"Douglas Park, NSW",5,4,4,14,15,9.7,10km,Major towns,-34.18668233,150.7169898,1/01/2027
"Jilliby, NSW",4,4,4,8,54.01,6.72,10km,Major towns,-33.23183162,151.4067649,1/01/2027
"Nowra, NSW",9,4,8,27,90,28.88,10km,Major towns,-34.8772319,150.6049967,1/01/2027
"Picton, NSW",8,4,7,26,35,10.19,10km,Major towns,-34.1729175,150.6085127,1/01/2027
"The Oaks, NSW",6,4,4,14,15,6.78,10km,Major towns,-34.08688186,150.5668705,1/01/2027
Lithgow,7,4,5,21,30,14.29,10km,Major towns,-33.4827328,150.1559295,1/01/2027
"Bega, NSW",4,4,4,8,30,15.1,20km,Journey enablement,-36.68056791,149.831479,1/01/2028
"Tarcutta, NSW",4,4,4,8,6.9,3.1,20km,Journey enablement,-35.28335431,147.7166748,1/01/2028
Buronga NSW,8,4,4,20,39.7,-2.4,20km,Journey enablement,-34.17329117,142.1898025,1/01/2028
"Hay, NSW",4,4,4,8,10,3.6,20km,Journey enablement,-34.50418411,144.8441586,1/01/2028
"Gunnedah, NSW",4,4,4,8,30,5.2,20km,Journey enablement,-30.97942441,150.2461079,1/01/2028
"Narrabri, NSW",10,4,4,24,30,13.7,20km,Journey enablement,-30.32802835,149.7786371,1/01/2028
"Coonabarabran, NSW",4,4,4,7,13,4.4,20km,Journey enablement,-31.27345491,149.2773256,1/01/2028
"Forbes, NSW",5,4,4,12,30,15.2,20km,Journey enablement,-33.36663735,148.0218351,1/01/2028
"Wilcannia, NSW",4,4,4,4,3.5,2.5,20km,Journey enablement,-31.55870878,143.3787463,1/01/2028
"Broken hills, NSW",4,4,4,4,88.2,45.5,20km,Journey enablement,-31.95125654,141.4629446,1/01/2028
"Nyngan, NSW",4,4,4,4,10,1.1,20km,Journey enablement,-31.55015706,147.1762086,1/01/2028
"Bourke, NSW",4,4,4,4,10,2.9,20km,Journey enablement,-30.09331095,145.9429621,1/01/2028
"Walgett, NSW",4,4,4,5,10,5.1,20km,Journey enablement,-30.0224736,148.1164745,1/01/2028
"Moree, NSW",8,4,4,19,30,10.9,20km,Journey enablement,-29.46292196,149.8357509,1/01/2028
"Glen innes, NSW",4,4,4,5,20,11.9,20km,Journey enablement,-29.73747398,151.7383796,1/01/2028
"Willow Tree, NSW",4,4,4,6,13.3,6.5,20km,Journey enablement,-31.63710229,150.7227959,1/01/2028
"Narrandera, NSW",4,4,4,7,16,2,20km,Journey enablement,-34.74012302,146.5559219,1/01/2028
"Mittagong-Bowral, NSW",17,4,8,43,25,7.19,10km,Major towns,-34.45081557,150.4489285,1/01/2028
"Cooma,NSW",5,4,4,11,20,7.1,20km,Journey enablement,-36.23450396,149.1268611,1/01/2028
"Cowra,NSW",8,4,4,19,30,8.5,20km,Journey enablement,-33.83453885,148.6812105,1/01/2028
"Parkes, NSW",7,4,4,17,30,10.4,20km,Journey enablement,-33.14172239,148.1720098,1/01/2028
"West wyalong, NSW",4,4,4,5,8,-1.1,20km,Journey enablement,-33.91874404,147.1935743,1/01/2028
"Gilgandra,NSW",4,4,4,6,12,5,20km,Journey enablement,-31.69868028,148.6651375,1/01/2028
"Muswellbrook,NSW",6,4,4,16,47.64,21.83,20km,Journey enablement,-32.27879643,150.8982537,1/01/2028
"Pooncarie, NSW",4,4,4,4,8,5.1,20km,Journey enablement,-33.38528348,142.5701108,1/01/2028
"Menindee, NSW",4,4,4,4,5,4,20km,Journey enablement,-32.39567165,142.4132163,1/01/2028
"Ivanhoe, NSW",4,4,4,4,1,-0.1,20km,Journey enablement,-32.9001224,144.3005299,1/01/2028
"Hillston, NSW",4,4,4,4,16,2.7,20km,Journey enablement,-33.48682563,145.5327784,1/01/2028
"Condobolin, NSW",4,4,4,4,10,1.5,20km,Journey enablement,-33.08801497,147.1521962,1/01/2028
"Jerilderie, NSW",4,4,4,8,10,6.3,20km,Journey enablement,-35.35527235,145.723215,1/01/2028
"Balranald, NSW",4,4,4,4,10,6.1,20km,Journey enablement,-34.64220389,143.5671508,1/01/2028
"Coonamble, NSW",4,4,4,4,10,3.8,20km,Journey enablement,-30.95759161,148.3884464,1/01/2028
"Dunedoo, NSW",4,4,4,4,10,4.5,20km,Journey enablement,-32.01615914,149.3979499,1/01/2028
"Inverell, NSW",6,4,4,15,30,7.9,20km,Journey enablement,-29.77427023,151.1109517,1/01/2028
"Barraba, NSW",4,4,4,4,5,2.4,20km,Journey enablement,-30.38247195,150.6096493,1/01/2028
"Temora, NSW",6,4,4,15,10,1.9,20km,Journey enablement,-34.44663402,147.5342991,1/01/2028
"Gundagai, NSW",6,4,4,16,8,1.8,20km,Journey enablement,-35.06151192,148.101348,1/01/2028
"Maclean, NSW",9,4,4,23,16,7,20km,Journey enablement,-29.46060498,153.2017825,1/01/2028
"Molong, NSW",4,4,4,7,4,-0.5,20km,Journey enablement,-33.09428677,148.8656758,1/01/2028
"Hermidale, NSW",4,4,4,4,10,1.1,20km,Journey enablement,-31.54825577,146.7243633,1/01/2028
"Emmdale, NSW",4,4,4,4,5,4.1,20km,Journey enablement,-31.65323367,144.2682742,1/01/2028
"Bilpin, NSW",4,4,4,4,15,0.68,20km,Journey enablement,-33.4979667,150.5213474,1/01/2028
"Little Topar, NSW",4,4,4,4,1.5,0.2,20km,Journey enablement,-31.7798724,142.2273978,1/01/2028
"Coolabah ,NSW",4,4,4,4,10,1.1,20km,Journey enablement,-31.0252105,146.7134536,1/01/2028
"Burren junction, NSW",4,4,4,4,5,2.9,20km,Journey enablement,-30.10402248,148.9687545,1/01/2028
"Goolgowi, NSW",4,4,4,4,16,2.7,20km,Journey enablement,-33.98007672,145.7078232,1/01/2028
"Lockhart, NSW",4,4,4,4,5,1.5,20km,Journey enablement,-35.22331375,146.7143683,1/01/2028
"Maude, NSW",4,4,4,4,30,16.8,20km,Journey enablement,-34.63309776,144.2898553,1/01/2028
"Henty, NSW",4,4,4,4,5,2.1,20km,Journey enablement,-35.51881128,147.035332,1/01/2028
"Holbrook, NSW",4,4,4,4,7,3.3,20km,Journey enablement,-35.71994885,147.316589,1/01/2028
"Deniliquin, NSW",4,4,4,4,30,6.8,20km,Journey enablement,-35.52758055,144.9648168,1/01/2028
Brewarrina NSW,4,4,4,4,8,5.3,20km,Journey enablement,-29.95976876,146.8548786,1/01/2028
"Collarenebri, NSW",4,4,4,4,5,2.3,20km,Journey enablement,-29.54576302,148.5766712,1/01/2028
"Ulladulla, NSW",4,4,4,4,30,4.91,20km,Journey enablement,-35.3579322,150.4740188,1/01/2028
"Narooma, NSW",4,4,4,4,12.5,5.6,20km,Journey enablement,-36.22224959,150.1274296,1/01/2028
"Bingara, NSW",4,4,4,4,3,0.4,20km,Journey enablement,-29.86676821,150.5711728,1/01/2028
"Euston, NSW",4,4,4,4,10,3.4,20km,Journey enablement,-34.57492649,142.7426138,1/01/2028
"Bathurst, NSW",25,4,13,59,115,47.8,10km,Major towns,-33.41196467,149.577495,1/01/2028
"Mudgee, NSW",17,4,9,39,30,1.1,10km,Major towns,-32.5960278,149.5826128,1/01/2028
"Orange, NSW",18,4,9,43,85,23.1,10km,Major towns,-33.27501442,149.0871633,1/01/2028
"Cobar, NSW",4,4,4,6,11,3.9,10km,Major towns,-31.49923264,145.8698973,1/01/2028
"Dubbo, NSW",37,4,19,89,138,48.8,10km,Major towns,-32.24685062,148.593704,1/01/2028
"Branxton, NSW",8,4,5,16,91.29,30.15,10km,Major towns,-32.65890452,151.3520237,1/01/2028
"Nelson Bay Peninsula, NSW",11,4,6,25,45.73,19.22,10km,Major towns,-32.71649559,152.1569676,1/01/2028
"Woodville, NSW",5,4,4,10,38.11,27.58,10km,Major towns,-32.67507971,151.6125853,1/01/2028
"Singleton, NSW",19,4,10,46,60.97,18.98,10km,Major towns,-32.55558784,151.1633237,1/01/2028
"Taree, NSW",14,4,8,30,45,14.8,10km,Major towns,-31.91235582,152.4625882,1/01/2028
"Williamtown, NSW",9,4,5,18,24.75,18.34,10km,Major towns,-32.81669587,151.8425142,1/01/2028
"Kiama, NSW",14,4,7,30,25,11.18,10km,Major towns,-34.66724838,150.849675,1/01/2028
"Armidale, NSW",26,4,13,65,28.5,6,10km,Major towns,-30.52284634,151.6569822,1/01/2028
"Tamworth, NSW",17,4,15,78,46,13.6,10km,Major towns,-31.08942105,150.9303527,1/01/2028
"Ballina, NSW",10,4,6,26,30,3.9,10km,Major towns,-28.85914979,153.564414,1/01/2028
"Byron Bay, NSW",20,4,10,47,75,44.4,10km,Major towns,-28.63753887,153.5925318,1/01/2028
"Coffs Harbour, NSW",18,4,10,41,76,29.3,10km,Major towns,-30.29646404,153.1135474,1/01/2028
"Grafton, NSW",9,4,6,19,25,8.3,10km,Major towns,-29.68712068,152.936531,1/01/2028
"Kingscliff, NSW",9,4,6,18,30,14.6,10km,Major towns,-28.26011013,153.5797429,1/01/2028
"Lennox Head, NSW",6,4,4,12,45,13.5,10km,Major towns,-28.79083743,153.585243,1/01/2028
"Lismore, NSW",13,4,7,30,78,38.3,10km,Major towns,-28.81477336,153.2858978,1/01/2028
"Port Macquarie, NSW",28,4,14,68,80,23.9,10km,Major towns,-31.4354193,152.8976597,1/01/2028
"Boambee, NSW",8,4,5,18,30,21,10km,Major towns,-30.33112267,153.0817941,1/01/2028
"Terranora, NSW",4,4,4,4,30,23.5,10km,Major towns,-28.24166615,153.5092115,1/01/2028
Tweed Heads,17,4,10,40,110,49,10km,Major towns,-28.18074858,153.5211111,1/01/2028
"Albury, NSW",20,4,10,48,197.9,58.4,10km,Major towns,-36.06521947,146.9398891,1/01/2028
"Griffith, NSW",12,4,7,29,87.5,34.8,10km,Major towns,-34.28797694,146.0447694,1/01/2028
"Moama, NSW",5,4,4,7,30,14.7,10km,Major towns,-36.11112877,144.7560399,1/01/2028
"Wagga Wagga, NSW",31,4,14,75,98,29.2,10km,Major towns,-35.11753461,147.3600657,1/01/2028
"Batemans Bay, NSW",10,4,6,21,45,25.7,10km,Major towns,-35.72494275,150.1941396,1/01/2028
"Goulburn, NSW",18,4,9,40,64,33,10km,Major towns,-34.75542588,149.7137326,1/01/2028
"Colo Vale, NSW",5,4,4,9,30,16.6,10km,Major towns,-34.42143965,150.4771118,1/01/2028
"Jindabyne, NSW",8,4,5,20,40,22.1,10km,Major towns,-36.42756905,148.6215919,1/01/2028
"Merimbula, NSW",10,4,6,20,16,1,10km,Major towns,-36.8831024,149.9061706,1/01/2028
"Queanbeyan , NSW",16,4,9,40,60,16.3,10km,Major towns,-35.3569899,149.2197883,1/01/2028
"Yass, NSW",13,4,7,29,12,-0.8,10km,Major towns,-34.8375596,148.9069095,1/01/2028
"Young, NSW",8,4,4,17,30,11.7,10km,Major towns,-34.30614531,148.3016193,1/01/2028
"Bargo, NSW",4,4,4,7,25,6.99,10km,Major towns,-34.28504299,150.5783452,1/01/2028
"Douglas Park, NSW",6,4,4,14,15,9.7,10km,Major towns,-34.18668233,150.7169898,1/01/2028
"Jilliby, NSW",4,4,4,8,54.01,6.72,10km,Major towns,-33.23183162,151.4067649,1/01/2028
"Nowra, NSW",12,4,8,27,90,28.88,10km,Major towns,-34.8772319,150.6049967,1/01/2028
"Picton, NSW",11,4,7,26,35,10.19,10km,Major towns,-34.1729175,150.6085127,1/01/2028
"The Oaks, NSW",7,4,4,14,15,6.78,10km,Major towns,-34.08688186,150.5668705,1/01/2028
Lithgow,9,4,5,21,30,14.29,10km,Major towns,-33.4827328,150.1559295,1/01/2028
"Bega, NSW",5,4,4,8,30,15.1,20km,Journey enablement,-36.68056791,149.831479,1/01/2029
"Tarcutta, NSW",4,4,4,8,6.9,3.1,20km,Journey enablement,-35.28335431,147.7166748,1/01/2029
Buronga NSW,11,4,4,20,39.7,-2.4,20km,Journey enablement,-34.17329117,142.1898025,1/01/2029
"Hay, NSW",5,4,4,8,10,3.6,20km,Journey enablement,-34.50418411,144.8441586,1/01/2029
"Gunnedah, NSW",5,4,4,8,30,5.2,20km,Journey enablement,-30.97942441,150.2461079,1/01/2029
"Narrabri, NSW",14,4,4,24,30,13.7,20km,Journey enablement,-30.32802835,149.7786371,1/01/2029
"Coonabarabran, NSW",4,4,4,7,13,4.4,20km,Journey enablement,-31.27345491,149.2773256,1/01/2029
"Forbes, NSW",7,4,4,12,30,15.2,20km,Journey enablement,-33.36663735,148.0218351,1/01/2029
"Wilcannia, NSW",4,4,4,4,3.5,2.5,20km,Journey enablement,-31.55870878,143.3787463,1/01/2029
"Broken hills, NSW",4,4,4,4,88.2,45.5,20km,Journey enablement,-31.95125654,141.4629446,1/01/2029
"Nyngan, NSW",4,4,4,4,10,1.1,20km,Journey enablement,-31.55015706,147.1762086,1/01/2029
"Bourke, NSW",4,4,4,4,10,2.9,20km,Journey enablement,-30.09331095,145.9429621,1/01/2029
"Walgett, NSW",4,4,4,5,10,5.1,20km,Journey enablement,-30.0224736,148.1164745,1/01/2029
"Moree, NSW",11,4,4,19,30,10.9,20km,Journey enablement,-29.46292196,149.8357509,1/01/2029
"Glen innes, NSW",4,4,4,5,20,11.9,20km,Journey enablement,-29.73747398,151.7383796,1/01/2029
"Willow Tree, NSW",4,4,4,6,13.3,6.5,20km,Journey enablement,-31.63710229,150.7227959,1/01/2029
"Narrandera, NSW",4,4,4,7,16,2,20km,Journey enablement,-34.74012302,146.5559219,1/01/2029
"Mittagong-Bowral, NSW",24,4,8,43,25,7.19,10km,Major towns,-34.45081557,150.4489285,1/01/2029
"Cooma,NSW",6,4,4,11,20,7.1,20km,Journey enablement,-36.23450396,149.1268611,1/01/2029
"Cowra,NSW",11,4,4,19,30,8.5,20km,Journey enablement,-33.83453885,148.6812105,1/01/2029
"Parkes, NSW",9,4,4,17,30,10.4,20km,Journey enablement,-33.14172239,148.1720098,1/01/2029
"West wyalong, NSW",4,4,4,5,8,-1.1,20km,Journey enablement,-33.91874404,147.1935743,1/01/2029
"Gilgandra,NSW",4,4,4,6,12,5,20km,Journey enablement,-31.69868028,148.6651375,1/01/2029
"Muswellbrook,NSW",9,4,4,16,47.64,21.83,20km,Journey enablement,-32.27879643,150.8982537,1/01/2029
"Pooncarie, NSW",4,4,4,4,8,5.1,20km,Journey enablement,-33.38528348,142.5701108,1/01/2029
"Menindee, NSW",4,4,4,4,5,4,20km,Journey enablement,-32.39567165,142.4132163,1/01/2029
"Ivanhoe, NSW",4,4,4,4,1,-0.1,20km,Journey enablement,-32.9001224,144.3005299,1/01/2029
"Hillston, NSW",4,4,4,4,16,2.7,20km,Journey enablement,-33.48682563,145.5327784,1/01/2029
"Condobolin, NSW",4,4,4,4,10,1.5,20km,Journey enablement,-33.08801497,147.1521962,1/01/2029
"Jerilderie, NSW",4,4,4,8,10,6.3,20km,Journey enablement,-35.35527235,145.723215,1/01/2029
"Balranald, NSW",4,4,4,4,10,6.1,20km,Journey enablement,-34.64220389,143.5671508,1/01/2029
"Coonamble, NSW",4,4,4,4,10,3.8,20km,Journey enablement,-30.95759161,148.3884464,1/01/2029
"Dunedoo, NSW",4,4,4,4,10,4.5,20km,Journey enablement,-32.01615914,149.3979499,1/01/2029
"Inverell, NSW",8,4,4,15,30,7.9,20km,Journey enablement,-29.77427023,151.1109517,1/01/2029
"Barraba, NSW",4,4,4,4,5,2.4,20km,Journey enablement,-30.38247195,150.6096493,1/01/2029
"Temora, NSW",8,4,4,15,10,1.9,20km,Journey enablement,-34.44663402,147.5342991,1/01/2029
"Gundagai, NSW",9,4,4,16,8,1.8,20km,Journey enablement,-35.06151192,148.101348,1/01/2029
"Maclean, NSW",13,4,4,23,16,7,20km,Journey enablement,-29.46060498,153.2017825,1/01/2029
"Molong, NSW",4,4,4,7,4,-0.5,20km,Journey enablement,-33.09428677,148.8656758,1/01/2029
"Hermidale, NSW",4,4,4,4,10,1.1,20km,Journey enablement,-31.54825577,146.7243633,1/01/2029
"Emmdale, NSW",4,4,4,4,5,4.1,20km,Journey enablement,-31.65323367,144.2682742,1/01/2029
"Bilpin, NSW",4,4,4,4,15,0.68,20km,Journey enablement,-33.4979667,150.5213474,1/01/2029
"Little Topar, NSW",4,4,4,4,1.5,0.2,20km,Journey enablement,-31.7798724,142.2273978,1/01/2029
"Coolabah ,NSW",4,4,4,4,10,1.1,20km,Journey enablement,-31.0252105,146.7134536,1/01/2029
"Burren junction, NSW",4,4,4,4,5,2.9,20km,Journey enablement,-30.10402248,148.9687545,1/01/2029
"Goolgowi, NSW",4,4,4,4,16,2.7,20km,Journey enablement,-33.98007672,145.7078232,1/01/2029
"Lockhart, NSW",4,4,4,4,5,1.5,20km,Journey enablement,-35.22331375,146.7143683,1/01/2029
"Maude, NSW",4,4,4,4,30,16.8,20km,Journey enablement,-34.63309776,144.2898553,1/01/2029
"Henty, NSW",4,4,4,4,5,2.1,20km,Journey enablement,-35.51881128,147.035332,1/01/2029
"Holbrook, NSW",4,4,4,4,7,3.3,20km,Journey enablement,-35.71994885,147.316589,1/01/2029
"Deniliquin, NSW",4,4,4,4,30,6.8,20km,Journey enablement,-35.52758055,144.9648168,1/01/2029
Brewarrina NSW,4,4,4,4,8,5.3,20km,Journey enablement,-29.95976876,146.8548786,1/01/2029
"Collarenebri, NSW",4,4,4,4,5,2.3,20km,Journey enablement,-29.54576302,148.5766712,1/01/2029
"Ulladulla, NSW",4,4,4,4,30,4.91,20km,Journey enablement,-35.3579322,150.4740188,1/01/2029
"Narooma, NSW",4,4,4,4,12.5,5.6,20km,Journey enablement,-36.22224959,150.1274296,1/01/2029
"Bingara, NSW",4,4,4,4,3,0.4,20km,Journey enablement,-29.86676821,150.5711728,1/01/2029
"Euston, NSW",4,4,4,4,10,3.4,20km,Journey enablement,-34.57492649,142.7426138,1/01/2029
"Bathurst, NSW",35,4,13,59,115,47.8,10km,Major towns,-33.41196467,149.577495,1/01/2029
"Mudgee, NSW",23,4,9,39,30,1.1,10km,Major towns,-32.5960278,149.5826128,1/01/2029
"Orange, NSW",25,4,9,43,85,23.1,10km,Major towns,-33.27501442,149.0871633,1/01/2029
"Cobar, NSW",4,4,4,6,11,3.9,10km,Major towns,-31.49923264,145.8698973,1/01/2029
"Dubbo, NSW",50,4,19,89,138,48.8,10km,Major towns,-32.24685062,148.593704,1/01/2029
"Branxton, NSW",11,4,5,16,91.29,30.15,10km,Major towns,-32.65890452,151.3520237,1/01/2029
"Nelson Bay Peninsula, NSW",14,4,6,25,45.73,19.22,10km,Major towns,-32.71649559,152.1569676,1/01/2029
"Woodville, NSW",6,4,4,10,38.11,27.58,10km,Major towns,-32.67507971,151.6125853,1/01/2029
"Singleton, NSW",26,4,10,46,60.97,18.98,10km,Major towns,-32.55558784,151.1633237,1/01/2029
"Taree, NSW",18,4,8,30,45,14.8,10km,Major towns,-31.91235582,152.4625882,1/01/2029
"Williamtown, NSW",12,4,5,18,24.75,18.34,10km,Major towns,-32.81669587,151.8425142,1/01/2029
"Kiama, NSW",18,4,7,30,25,11.18,10km,Major towns,-34.66724838,150.849675,1/01/2029
"Armidale, NSW",37,4,13,65,28.5,6,10km,Major towns,-30.52284634,151.6569822,1/01/2029
"Tamworth, NSW",22,4,15,78,46,13.6,10km,Major towns,-31.08942105,150.9303527,1/01/2029
"Ballina, NSW",15,4,6,26,30,3.9,10km,Major towns,-28.85914979,153.564414,1/01/2029
"Byron Bay, NSW",27,4,10,47,75,44.4,10km,Major towns,-28.63753887,153.5925318,1/01/2029
"Coffs Harbour, NSW",24,4,10,41,76,29.3,10km,Major towns,-30.29646404,153.1135474,1/01/2029
"Grafton, NSW",12,4,6,19,25,8.3,10km,Major towns,-29.68712068,152.936531,1/01/2029
"Kingscliff, NSW",11,4,6,18,30,14.6,10km,Major towns,-28.26011013,153.5797429,1/01/2029
"Lennox Head, NSW",8,4,4,12,45,13.5,10km,Major towns,-28.79083743,153.585243,1/01/2029
"Lismore, NSW",17,4,7,30,78,38.3,10km,Major towns,-28.81477336,153.2858978,1/01/2029
"Port Macquarie, NSW",38,4,14,68,80,23.9,10km,Major towns,-31.4354193,152.8976597,1/01/2029
"Boambee, NSW",11,4,5,18,30,21,10km,Major towns,-30.33112267,153.0817941,1/01/2029
"Terranora, NSW",4,4,4,4,30,23.5,10km,Major towns,-28.24166615,153.5092115,1/01/2029
Tweed Heads,23,4,10,40,110,49,10km,Major towns,-28.18074858,153.5211111,1/01/2029
"Albury, NSW",28,4,10,48,197.9,58.4,10km,Major towns,-36.06521947,146.9398891,1/01/2029
"Griffith, NSW",17,4,7,29,87.5,34.8,10km,Major towns,-34.28797694,146.0447694,1/01/2029
"Moama, NSW",6,4,4,7,30,14.7,10km,Major towns,-36.11112877,144.7560399,1/01/2029
"Wagga Wagga, NSW",43,4,14,75,98,29.2,10km,Major towns,-35.11753461,147.3600657,1/01/2029
"Batemans Bay, NSW",13,4,6,21,45,25.7,10km,Major towns,-35.72494275,150.1941396,1/01/2029
"Goulburn, NSW",24,4,9,40,64,33,10km,Major towns,-34.75542588,149.7137326,1/01/2029
"Colo Vale, NSW",5,4,4,9,30,16.6,10km,Major towns,-34.42143965,150.4771118,1/01/2029
"Jindabyne, NSW",12,4,5,20,40,22.1,10km,Major towns,-36.42756905,148.6215919,1/01/2029
"Merimbula, NSW",12,4,6,20,16,1,10km,Major towns,-36.8831024,149.9061706,1/01/2029
"Queanbeyan , NSW",23,4,9,40,60,16.3,10km,Major towns,-35.3569899,149.2197883,1/01/2029
"Yass, NSW",17,4,7,29,12,-0.8,10km,Major towns,-34.8375596,148.9069095,1/01/2029
"Young, NSW",11,4,4,17,30,11.7,10km,Major towns,-34.30614531,148.3016193,1/01/2029
"Bargo, NSW",4,4,4,7,25,6.99,10km,Major towns,-34.28504299,150.5783452,1/01/2029
"Douglas Park, NSW",8,4,4,14,15,9.7,10km,Major towns,-34.18668233,150.7169898,1/01/2029
"Jilliby, NSW",6,4,4,8,54.01,6.72,10km,Major towns,-33.23183162,151.4067649,1/01/2029
"Nowra, NSW",16,4,8,27,90,28.88,10km,Major towns,-34.8772319,150.6049967,1/01/2029
"Picton, NSW",15,4,7,26,35,10.19,10km,Major towns,-34.1729175,150.6085127,1/01/2029
"The Oaks, NSW",9,4,4,14,15,6.78,10km,Major towns,-34.08688186,150.5668705,1/01/2029
Lithgow,12,4,5,21,30,14.29,10km,Major towns,-33.4827328,150.1559295,1/01/2029
"Bega, NSW",6,4,4,8,30,15.1,20km,Journey enablement,-36.68056791,149.831479,1/01/2030
"Tarcutta, NSW",6,4,4,8,6.9,3.1,20km,Journey enablement,-35.28335431,147.7166748,1/01/2030
Buronga NSW,15,4,4,20,39.7,-2.4,20km,Journey enablement,-34.17329117,142.1898025,1/01/2030
"Hay, NSW",6,4,4,8,10,3.6,20km,Journey enablement,-34.50418411,144.8441586,1/01/2030
"Gunnedah, NSW",6,4,4,8,30,5.2,20km,Journey enablement,-30.97942441,150.2461079,1/01/2030
"Narrabri, NSW",18,4,4,24,30,13.7,20km,Journey enablement,-30.32802835,149.7786371,1/01/2030
"Coonabarabran, NSW",5,4,4,7,13,4.4,20km,Journey enablement,-31.27345491,149.2773256,1/01/2030
"Forbes, NSW",9,4,4,12,30,15.2,20km,Journey enablement,-33.36663735,148.0218351,1/01/2030
"Wilcannia, NSW",4,4,4,4,3.5,2.5,20km,Journey enablement,-31.55870878,143.3787463,1/01/2030
"Broken hills, NSW",4,4,4,4,88.2,45.5,20km,Journey enablement,-31.95125654,141.4629446,1/01/2030
"Nyngan, NSW",4,4,4,4,10,1.1,20km,Journey enablement,-31.55015706,147.1762086,1/01/2030
"Bourke, NSW",4,4,4,4,10,2.9,20km,Journey enablement,-30.09331095,145.9429621,1/01/2030
"Walgett, NSW",4,4,4,5,10,5.1,20km,Journey enablement,-30.0224736,148.1164745,1/01/2030
"Moree, NSW",15,4,4,19,30,10.9,20km,Journey enablement,-29.46292196,149.8357509,1/01/2030
"Glen innes, NSW",4,4,4,5,20,11.9,20km,Journey enablement,-29.73747398,151.7383796,1/01/2030
"Willow Tree, NSW",4,4,4,6,13.3,6.5,20km,Journey enablement,-31.63710229,150.7227959,1/01/2030
"Narrandera, NSW",6,4,4,7,16,2,20km,Journey enablement,-34.74012302,146.5559219,1/01/2030
"Mittagong-Bowral, NSW",33,4,8,43,25,7.19,10km,Major towns,-34.45081557,150.4489285,1/01/2030
"Cooma,NSW",9,4,4,11,20,7.1,20km,Journey enablement,-36.23450396,149.1268611,1/01/2030
"Cowra,NSW",14,4,4,19,30,8.5,20km,Journey enablement,-33.83453885,148.6812105,1/01/2030
"Parkes, NSW",13,4,4,17,30,10.4,20km,Journey enablement,-33.14172239,148.1720098,1/01/2030
"West wyalong, NSW",4,4,4,5,8,-1.1,20km,Journey enablement,-33.91874404,147.1935743,1/01/2030
"Gilgandra,NSW",5,4,4,6,12,5,20km,Journey enablement,-31.69868028,148.6651375,1/01/2030
"Muswellbrook,NSW",12,4,4,16,47.64,21.83,20km,Journey enablement,-32.27879643,150.8982537,1/01/2030
"Pooncarie, NSW",4,4,4,4,8,5.1,20km,Journey enablement,-33.38528348,142.5701108,1/01/2030
"Menindee, NSW",4,4,4,4,5,4,20km,Journey enablement,-32.39567165,142.4132163,1/01/2030
"Ivanhoe, NSW",4,4,4,4,1,-0.1,20km,Journey enablement,-32.9001224,144.3005299,1/01/2030
"Hillston, NSW",4,4,4,4,16,2.7,20km,Journey enablement,-33.48682563,145.5327784,1/01/2030
"Condobolin, NSW",4,4,4,4,10,1.5,20km,Journey enablement,-33.08801497,147.1521962,1/01/2030
"Jerilderie, NSW",6,4,4,8,10,6.3,20km,Journey enablement,-35.35527235,145.723215,1/01/2030
"Balranald, NSW",4,4,4,4,10,6.1,20km,Journey enablement,-34.64220389,143.5671508,1/01/2030
"Coonamble, NSW",4,4,4,4,10,3.8,20km,Journey enablement,-30.95759161,148.3884464,1/01/2030
"Dunedoo, NSW",4,4,4,4,10,4.5,20km,Journey enablement,-32.01615914,149.3979499,1/01/2030
"Inverell, NSW",11,4,4,15,30,7.9,20km,Journey enablement,-29.77427023,151.1109517,1/01/2030
"Barraba, NSW",4,4,4,4,5,2.4,20km,Journey enablement,-30.38247195,150.6096493,1/01/2030
"Temora, NSW",12,4,4,15,10,1.9,20km,Journey enablement,-34.44663402,147.5342991,1/01/2030
"Gundagai, NSW",12,4,4,16,8,1.8,20km,Journey enablement,-35.06151192,148.101348,1/01/2030
"Maclean, NSW",18,4,4,23,16,7,20km,Journey enablement,-29.46060498,153.2017825,1/01/2030
"Molong, NSW",5,4,4,7,4,-0.5,20km,Journey enablement,-33.09428677,148.8656758,1/01/2030
"Hermidale, NSW",4,4,4,4,10,1.1,20km,Journey enablement,-31.54825577,146.7243633,1/01/2030
"Emmdale, NSW",4,4,4,4,5,4.1,20km,Journey enablement,-31.65323367,144.2682742,1/01/2030
"Bilpin, NSW",4,4,4,4,15,0.68,20km,Journey enablement,-33.4979667,150.5213474,1/01/2030
"Little Topar, NSW",4,4,4,4,1.5,0.2,20km,Journey enablement,-31.7798724,142.2273978,1/01/2030
"Coolabah ,NSW",4,4,4,4,10,1.1,20km,Journey enablement,-31.0252105,146.7134536,1/01/2030
"Burren junction, NSW",4,4,4,4,5,2.9,20km,Journey enablement,-30.10402248,148.9687545,1/01/2030
"Goolgowi, NSW",4,4,4,4,16,2.7,20km,Journey enablement,-33.98007672,145.7078232,1/01/2030
"Lockhart, NSW",4,4,4,4,5,1.5,20km,Journey enablement,-35.22331375,146.7143683,1/01/2030
"Maude, NSW",4,4,4,4,30,16.8,20km,Journey enablement,-34.63309776,144.2898553,1/01/2030
"Henty, NSW",4,4,4,4,5,2.1,20km,Journey enablement,-35.51881128,147.035332,1/01/2030
"Holbrook, NSW",4,4,4,4,7,3.3,20km,Journey enablement,-35.71994885,147.316589,1/01/2030
"Deniliquin, NSW",4,4,4,4,30,6.8,20km,Journey enablement,-35.52758055,144.9648168,1/01/2030
Brewarrina NSW,4,4,4,4,8,5.3,20km,Journey enablement,-29.95976876,146.8548786,1/01/2030
"Collarenebri, NSW",4,4,4,4,5,2.3,20km,Journey enablement,-29.54576302,148.5766712,1/01/2030
"Ulladulla, NSW",4,4,4,4,30,4.91,20km,Journey enablement,-35.3579322,150.4740188,1/01/2030
"Narooma, NSW",4,4,4,4,12.5,5.6,20km,Journey enablement,-36.22224959,150.1274296,1/01/2030
"Bingara, NSW",4,4,4,4,3,0.4,20km,Journey enablement,-29.86676821,150.5711728,1/01/2030
"Euston, NSW",4,4,4,4,10,3.4,20km,Journey enablement,-34.57492649,142.7426138,1/01/2030
"Bathurst, NSW",47,4,13,59,115,47.8,10km,Major towns,-33.41196467,149.577495,1/01/2030
"Mudgee, NSW",30,4,9,39,30,1.1,10km,Major towns,-32.5960278,149.5826128,1/01/2030
"Orange, NSW",34,4,9,43,85,23.1,10km,Major towns,-33.27501442,149.0871633,1/01/2030
"Cobar, NSW",5,4,4,6,11,3.9,10km,Major towns,-31.49923264,145.8698973,1/01/2030
"Dubbo, NSW",68,4,19,89,138,48.8,10km,Major towns,-32.24685062,148.593704,1/01/2030
"Branxton, NSW",13,4,5,16,91.29,30.15,10km,Major towns,-32.65890452,151.3520237,1/01/2030
"Nelson Bay Peninsula, NSW",19,4,6,25,45.73,19.22,10km,Major towns,-32.71649559,152.1569676,1/01/2030
"Woodville, NSW",7,4,4,10,38.11,27.58,10km,Major towns,-32.67507971,151.6125853,1/01/2030
"Singleton, NSW",35,4,10,46,60.97,18.98,10km,Major towns,-32.55558784,151.1633237,1/01/2030
"Taree, NSW",23,4,8,30,45,14.8,10km,Major towns,-31.91235582,152.4625882,1/01/2030
"Williamtown, NSW",14,4,5,18,24.75,18.34,10km,Major towns,-32.81669587,151.8425142,1/01/2030
"Kiama, NSW",23,4,7,30,25,11.18,10km,Major towns,-34.66724838,150.849675,1/01/2030
"Armidale, NSW",49,4,13,65,28.5,6,10km,Major towns,-30.52284634,151.6569822,1/01/2030
"Tamworth, NSW",27,4,15,78,46,13.6,10km,Major towns,-31.08942105,150.9303527,1/01/2030
"Ballina, NSW",20,4,6,26,30,3.9,10km,Major towns,-28.85914979,153.564414,1/01/2030
"Byron Bay, NSW",37,4,10,47,75,44.4,10km,Major towns,-28.63753887,153.5925318,1/01/2030
"Coffs Harbour, NSW",32,4,10,41,76,29.3,10km,Major towns,-30.29646404,153.1135474,1/01/2030
"Grafton, NSW",15,4,6,19,25,8.3,10km,Major towns,-29.68712068,152.936531,1/01/2030
"Kingscliff, NSW",15,4,6,18,30,14.6,10km,Major towns,-28.26011013,153.5797429,1/01/2030
"Lennox Head, NSW",9,4,4,12,45,13.5,10km,Major towns,-28.79083743,153.585243,1/01/2030
"Lismore, NSW",23,4,7,30,78,38.3,10km,Major towns,-28.81477336,153.2858978,1/01/2030
"Port Macquarie, NSW",52,4,14,68,80,23.9,10km,Major towns,-31.4354193,152.8976597,1/01/2030
"Boambee, NSW",14,4,5,18,30,21,10km,Major towns,-30.33112267,153.0817941,1/01/2030
"Terranora, NSW",4,4,4,4,30,23.5,10km,Major towns,-28.24166615,153.5092115,1/01/2030
Tweed Heads,32,4,10,40,110,49,10km,Major towns,-28.18074858,153.5211111,1/01/2030
"Albury, NSW",36,4,10,48,197.9,58.4,10km,Major towns,-36.06521947,146.9398891,1/01/2030
"Griffith, NSW",22,4,7,29,87.5,34.8,10km,Major towns,-34.28797694,146.0447694,1/01/2030
"Moama, NSW",7,4,4,7,30,14.7,10km,Major towns,-36.11112877,144.7560399,1/01/2030
"Wagga Wagga, NSW",57,4,14,75,98,29.2,10km,Major towns,-35.11753461,147.3600657,1/01/2030
"Batemans Bay, NSW",17,4,6,21,45,25.7,10km,Major towns,-35.72494275,150.1941396,1/01/2030
"Goulburn, NSW",32,4,9,40,64,33,10km,Major towns,-34.75542588,149.7137326,1/01/2030
"Colo Vale, NSW",7,4,4,9,30,16.6,10km,Major towns,-34.42143965,150.4771118,1/01/2030
"Jindabyne, NSW",15,4,5,20,40,22.1,10km,Major towns,-36.42756905,148.6215919,1/01/2030
"Merimbula, NSW",15,4,6,20,16,1,10km,Major towns,-36.8831024,149.9061706,1/01/2030
"Queanbeyan , NSW",31,4,9,40,60,16.3,10km,Major towns,-35.3569899,149.2197883,1/01/2030
"Yass, NSW",22,4,7,29,12,-0.8,10km,Major towns,-34.8375596,148.9069095,1/01/2030
"Young, NSW",14,4,4,17,30,11.7,10km,Major towns,-34.30614531,148.3016193,1/01/2030
"Bargo, NSW",6,4,4,7,25,6.99,10km,Major towns,-34.28504299,150.5783452,1/01/2030
"Douglas Park, NSW",11,4,4,14,15,9.7,10km,Major towns,-34.18668233,150.7169898,1/01/2030
"Jilliby, NSW",6,4,4,8,54.01,6.72,10km,Major towns,-33.23183162,151.4067649,1/01/2030
"Nowra, NSW",21,4,8,27,90,28.88,10km,Major towns,-34.8772319,150.6049967,1/01/2030
"Picton, NSW",21,4,7,26,35,10.19,10km,Major towns,-34.1729175,150.6085127,1/01/2030
"The Oaks, NSW",11,4,4,14,15,6.78,10km,Major towns,-34.08688186,150.5668705,1/01/2030
Lithgow,16,4,5,21,30,14.29,10km,Major towns,-33.4827328,150.1559295,1/01/2030
"Bega, NSW",8,4,4,8,30,15.1,20km,Journey enablement,-36.68056791,149.831479,1/01/2031
"Tarcutta, NSW",8,4,4,8,6.9,3.1,20km,Journey enablement,-35.28335431,147.7166748,1/01/2031
Buronga NSW,20,4,4,20,39.7,-2.4,20km,Journey enablement,-34.17329117,142.1898025,1/01/2031
"Hay, NSW",8,4,4,8,10,3.6,20km,Journey enablement,-34.50418411,144.8441586,1/01/2031
"Gunnedah, NSW",8,4,4,8,30,5.2,20km,Journey enablement,-30.97942441,150.2461079,1/01/2031
"Narrabri, NSW",24,4,4,24,30,13.7,20km,Journey enablement,-30.32802835,149.7786371,1/01/2031
"Coonabarabran, NSW",7,4,4,7,13,4.4,20km,Journey enablement,-31.27345491,149.2773256,1/01/2031
"Forbes, NSW",12,4,4,12,30,15.2,20km,Journey enablement,-33.36663735,148.0218351,1/01/2031
"Wilcannia, NSW",4,4,4,4,3.5,2.5,20km,Journey enablement,-31.55870878,143.3787463,1/01/2031
"Broken hills, NSW",4,4,4,4,88.2,45.5,20km,Journey enablement,-31.95125654,141.4629446,1/01/2031
"Nyngan, NSW",4,4,4,4,10,1.1,20km,Journey enablement,-31.55015706,147.1762086,1/01/2031
"Bourke, NSW",4,4,4,4,10,2.9,20km,Journey enablement,-30.09331095,145.9429621,1/01/2031
"Walgett, NSW",5,4,4,5,10,5.1,20km,Journey enablement,-30.0224736,148.1164745,1/01/2031
"Moree, NSW",19,4,4,19,30,10.9,20km,Journey enablement,-29.46292196,149.8357509,1/01/2031
"Glen innes, NSW",5,4,4,5,20,11.9,20km,Journey enablement,-29.73747398,151.7383796,1/01/2031
"Willow Tree, NSW",6,4,4,6,13.3,6.5,20km,Journey enablement,-31.63710229,150.7227959,1/01/2031
"Narrandera, NSW",7,4,4,7,16,2,20km,Journey enablement,-34.74012302,146.5559219,1/01/2031
"Mittagong-Bowral, NSW",43,4,8,43,25,7.19,10km,Major towns,-34.45081557,150.4489285,1/01/2031
"Cooma,NSW",11,4,4,11,20,7.1,20km,Journey enablement,-36.23450396,149.1268611,1/01/2031
"Cowra,NSW",19,4,4,19,30,8.5,20km,Journey enablement,-33.83453885,148.6812105,1/01/2031
"Parkes, NSW",17,4,4,17,30,10.4,20km,Journey enablement,-33.14172239,148.1720098,1/01/2031
"West wyalong, NSW",5,4,4,5,8,-1.1,20km,Journey enablement,-33.91874404,147.1935743,1/01/2031
"Gilgandra,NSW",6,4,4,6,12,5,20km,Journey enablement,-31.69868028,148.6651375,1/01/2031
"Muswellbrook,NSW",16,4,4,16,47.64,21.83,20km,Journey enablement,-32.27879643,150.8982537,1/01/2031
"Pooncarie, NSW",4,4,4,4,8,5.1,20km,Journey enablement,-33.38528348,142.5701108,1/01/2031
"Menindee, NSW",4,4,4,4,5,4,20km,Journey enablement,-32.39567165,142.4132163,1/01/2031
"Ivanhoe, NSW",4,4,4,4,1,-0.1,20km,Journey enablement,-32.9001224,144.3005299,1/01/2031
"Hillston, NSW",4,4,4,4,16,2.7,20km,Journey enablement,-33.48682563,145.5327784,1/01/2031
"Condobolin, NSW",4,4,4,4,10,1.5,20km,Journey enablement,-33.08801497,147.1521962,1/01/2031
"Jerilderie, NSW",8,4,4,8,10,6.3,20km,Journey enablement,-35.35527235,145.723215,1/01/2031
"Balranald, NSW",4,4,4,4,10,6.1,20km,Journey enablement,-34.64220389,143.5671508,1/01/2031
"Coonamble, NSW",4,4,4,4,10,3.8,20km,Journey enablement,-30.95759161,148.3884464,1/01/2031
"Dunedoo, NSW",4,4,4,4,10,4.5,20km,Journey enablement,-32.01615914,149.3979499,1/01/2031
"Inverell, NSW",15,4,4,15,30,7.9,20km,Journey enablement,-29.77427023,151.1109517,1/01/2031
"Barraba, NSW",4,4,4,4,5,2.4,20km,Journey enablement,-30.38247195,150.6096493,1/01/2031
"Temora, NSW",15,4,4,15,10,1.9,20km,Journey enablement,-34.44663402,147.5342991,1/01/2031
"Gundagai, NSW",16,4,4,16,8,1.8,20km,Journey enablement,-35.06151192,148.101348,1/01/2031
"Maclean, NSW",23,4,4,23,16,7,20km,Journey enablement,-29.46060498,153.2017825,1/01/2031
"Molong, NSW",7,4,4,7,4,-0.5,20km,Journey enablement,-33.09428677,148.8656758,1/01/2031
"Hermidale, NSW",4,4,4,4,10,1.1,20km,Journey enablement,-31.54825577,146.7243633,1/01/2031
"Emmdale, NSW",4,4,4,4,5,4.1,20km,Journey enablement,-31.65323367,144.2682742,1/01/2031
"Bilpin, NSW",5,4,4,4,15,0.68,20km,Journey enablement,-33.4979667,150.5213474,1/01/2031
"Little Topar, NSW",4,4,4,4,1.5,0.2,20km,Journey enablement,-31.7798724,142.2273978,1/01/2031
"Coolabah ,NSW",4,4,4,4,10,1.1,20km,Journey enablement,-31.0252105,146.7134536,1/01/2031
"Burren junction, NSW",4,4,4,4,5,2.9,20km,Journey enablement,-30.10402248,148.9687545,1/01/2031
"Goolgowi, NSW",4,4,4,4,16,2.7,20km,Journey enablement,-33.98007672,145.7078232,1/01/2031
"Lockhart, NSW",4,4,4,4,5,1.5,20km,Journey enablement,-35.22331375,146.7143683,1/01/2031
"Maude, NSW",4,4,4,4,30,16.8,20km,Journey enablement,-34.63309776,144.2898553,1/01/2031
"Henty, NSW",4,4,4,4,5,2.1,20km,Journey enablement,-35.51881128,147.035332,1/01/2031
"Holbrook, NSW",4,4,4,4,7,3.3,20km,Journey enablement,-35.71994885,147.316589,1/01/2031
"Deniliquin, NSW",4,4,4,4,30,6.8,20km,Journey enablement,-35.52758055,144.9648168,1/01/2031
Brewarrina NSW,4,4,4,4,8,5.3,20km,Journey enablement,-29.95976876,146.8548786,1/01/2031
"Collarenebri, NSW",4,4,4,4,5,2.3,20km,Journey enablement,-29.54576302,148.5766712,1/01/2031
"Ulladulla, NSW",4,4,4,4,30,4.91,20km,Journey enablement,-35.3579322,150.4740188,1/01/2031
"Narooma, NSW",4,4,4,4,12.5,5.6,20km,Journey enablement,-36.22224959,150.1274296,1/01/2031
"Bingara, NSW",4,4,4,4,3,0.4,20km,Journey enablement,-29.86676821,150.5711728,1/01/2031
"Euston, NSW",4,4,4,4,10,3.4,20km,Journey enablement,-34.57492649,142.7426138,1/01/2031
"Bathurst, NSW",59,4,13,59,115,47.8,10km,Major towns,-33.41196467,149.577495,1/01/2031
"Mudgee, NSW",39,4,9,39,30,1.1,10km,Major towns,-32.5960278,149.5826128,1/01/2031
"Orange, NSW",43,4,9,43,85,23.1,10km,Major towns,-33.27501442,149.0871633,1/01/2031
"Cobar, NSW",6,4,4,6,11,3.9,10km,Major towns,-31.49923264,145.8698973,1/01/2031
"Dubbo, NSW",89,4,19,89,138,48.8,10km,Major towns,-32.24685062,148.593704,1/01/2031
"Branxton, NSW",16,4,5,16,91.29,30.15,10km,Major towns,-32.65890452,151.3520237,1/01/2031
"Nelson Bay Peninsula, NSW",25,4,6,25,45.73,19.22,10km,Major towns,-32.71649559,152.1569676,1/01/2031
"Woodville, NSW",10,4,4,10,38.11,27.58,10km,Major towns,-32.67507971,151.6125853,1/01/2031
"Singleton, NSW",46,4,10,46,60.97,18.98,10km,Major towns,-32.55558784,151.1633237,1/01/2031
"Taree, NSW",30,4,8,30,45,14.8,10km,Major towns,-31.91235582,152.4625882,1/01/2031
"Williamtown, NSW",18,4,5,18,24.75,18.34,10km,Major towns,-32.81669587,151.8425142,1/01/2031
"Kiama, NSW",30,4,7,30,25,11.18,10km,Major towns,-34.66724838,150.849675,1/01/2031
"Armidale, NSW",65,4,13,65,28.5,6,10km,Major towns,-30.52284634,151.6569822,1/01/2031
"Tamworth, NSW",36,4,15,78,46,13.6,10km,Major towns,-31.08942105,150.9303527,1/01/2031
"Ballina, NSW",26,4,6,26,30,3.9,10km,Major towns,-28.85914979,153.564414,1/01/2031
"Byron Bay, NSW",47,4,10,47,75,44.4,10km,Major towns,-28.63753887,153.5925318,1/01/2031
"Coffs Harbour, NSW",41,4,10,41,76,29.3,10km,Major towns,-30.29646404,153.1135474,1/01/2031
"Grafton, NSW",19,4,6,19,25,8.3,10km,Major towns,-29.68712068,152.936531,1/01/2031
"Kingscliff, NSW",18,4,6,18,30,14.6,10km,Major towns,-28.26011013,153.5797429,1/01/2031
"Lennox Head, NSW",12,4,4,12,45,13.5,10km,Major towns,-28.79083743,153.585243,1/01/2031
"Lismore, NSW",30,4,7,30,78,38.3,10km,Major towns,-28.81477336,153.2858978,1/01/2031
"Port Macquarie, NSW",68,4,14,68,80,23.9,10km,Major towns,-31.4354193,152.8976597,1/01/2031
"Boambee, NSW",18,4,5,18,30,21,10km,Major towns,-30.33112267,153.0817941,1/01/2031
"Terranora, NSW",4,4,4,4,30,23.5,10km,Major towns,-28.24166615,153.5092115,1/01/2031
Tweed Heads,40,4,10,40,110,49,10km,Major towns,-28.18074858,153.5211111,1/01/2031
"Albury, NSW",48,4,10,48,197.9,58.4,10km,Major towns,-36.06521947,146.9398891,1/01/2031
"Griffith, NSW",29,4,7,29,87.5,34.8,10km,Major towns,-34.28797694,146.0447694,1/01/2031
"Moama, NSW",7,4,4,7,30,14.7,10km,Major towns,-36.11112877,144.7560399,1/01/2031
"Wagga Wagga, NSW",75,4,14,75,98,29.2,10km,Major towns,-35.11753461,147.3600657,1/01/2031
"Batemans Bay, NSW",21,4,6,21,45,25.7,10km,Major towns,-35.72494275,150.1941396,1/01/2031
"Goulburn, NSW",40,4,9,40,64,33,10km,Major towns,-34.75542588,149.7137326,1/01/2031
"Colo Vale, NSW",9,4,4,9,30,16.6,10km,Major towns,-34.42143965,150.4771118,1/01/2031
"Jindabyne, NSW",20,4,5,20,40,22.1,10km,Major towns,-36.42756905,148.6215919,1/01/2031
"Merimbula, NSW",20,4,6,20,16,1,10km,Major towns,-36.8831024,149.9061706,1/01/2031
"Queanbeyan , NSW",40,4,9,40,60,16.3,10km,Major towns,-35.3569899,149.2197883,1/01/2031
"Yass, NSW",29,4,7,29,12,-0.8,10km,Major towns,-34.8375596,148.9069095,1/01/2031
"Young, NSW",17,4,4,17,30,11.7,10km,Major towns,-34.30614531,148.3016193,1/01/2031
"Bargo, NSW",7,4,4,7,25,6.99,10km,Major towns,-34.28504299,150.5783452,1/01/2031
"Douglas Park, NSW",14,4,4,14,15,9.7,10km,Major towns,-34.18668233,150.7169898,1/01/2031
"Jilliby, NSW",8,4,4,8,54.01,6.72,10km,Major towns,-33.23183162,151.4067649,1/01/2031
"Nowra, NSW",27,4,8,27,90,28.88,10km,Major towns,-34.8772319,150.6049967,1/01/2031
"Picton, NSW",26,4,7,26,35,10.19,10km,Major towns,-34.1729175,150.6085127,1/01/2031
"The Oaks, NSW",14,4,4,14,15,6.78,10km,Major towns,-34.08688186,150.5668705,1/01/2031
Lithgow,21,4,5,21,30,14.29,10km,Major towns,-33.4827328,150.1559295,1/01/2031
